"date","country","keyword","hits"
2017-11-14,"DE","iPhone",57
2017-11-14,"DE","Tesla",4
2017-11-14,"DE","Rolex",3
2017-11-14,"FR","iPhone",41
2017-11-14,"FR","Tesla",2
2017-11-14,"FR","Rolex",1
2017-11-14,"JP","iPhone",76
2017-11-14,"JP","Tesla",1
2017-11-14,"JP","Rolex",2
2017-11-14,"MX","iPhone",69
2017-11-14,"MX","Tesla",0
2017-11-14,"MX","Rolex",0
2017-11-14,"US","iPhone",63
2017-11-14,"US","Tesla",4
2017-11-14,"US","Rolex",2
2017-11-15,"DE","iPhone",61
2017-11-15,"DE","Tesla",5
2017-11-15,"DE","Rolex",3
2017-11-15,"FR","iPhone",42
2017-11-15,"FR","Tesla",2
2017-11-15,"FR","Rolex",1
2017-11-15,"JP","iPhone",71
2017-11-15,"JP","Tesla",1
2017-11-15,"JP","Rolex",2
2017-11-15,"MX","iPhone",70
2017-11-15,"MX","Tesla",3
2017-11-15,"MX","Rolex",0
2017-11-15,"US","iPhone",65
2017-11-15,"US","Tesla",4
2017-11-15,"US","Rolex",2
2017-11-16,"DE","iPhone",62
2017-11-16,"DE","Tesla",6
2017-11-16,"DE","Rolex",3
2017-11-16,"FR","iPhone",42
2017-11-16,"FR","Tesla",2
2017-11-16,"FR","Rolex",1
2017-11-16,"JP","iPhone",70
2017-11-16,"JP","Tesla",1
2017-11-16,"JP","Rolex",2
2017-11-16,"MX","iPhone",66
2017-11-16,"MX","Tesla",0
2017-11-16,"MX","Rolex",0
2017-11-16,"US","iPhone",67
2017-11-16,"US","Tesla",6
2017-11-16,"US","Rolex",2
2017-11-17,"DE","iPhone",63
2017-11-17,"DE","Tesla",22
2017-11-17,"DE","Rolex",3
2017-11-17,"FR","iPhone",43
2017-11-17,"FR","Tesla",10
2017-11-17,"FR","Rolex",2
2017-11-17,"JP","iPhone",64
2017-11-17,"JP","Tesla",2
2017-11-17,"JP","Rolex",2
2017-11-17,"MX","iPhone",77
2017-11-17,"MX","Tesla",8
2017-11-17,"MX","Rolex",0
2017-11-17,"US","iPhone",62
2017-11-17,"US","Tesla",31
2017-11-17,"US","Rolex",2
2017-11-18,"DE","iPhone",73
2017-11-18,"DE","Tesla",11
2017-11-18,"DE","Rolex",3
2017-11-18,"FR","iPhone",53
2017-11-18,"FR","Tesla",5
2017-11-18,"FR","Rolex",2
2017-11-18,"JP","iPhone",77
2017-11-18,"JP","Tesla",2
2017-11-18,"JP","Rolex",2
2017-11-18,"MX","iPhone",91
2017-11-18,"MX","Tesla",4
2017-11-18,"MX","Rolex",0
2017-11-18,"US","iPhone",73
2017-11-18,"US","Tesla",19
2017-11-18,"US","Rolex",2
2017-11-19,"DE","iPhone",73
2017-11-19,"DE","Tesla",7
2017-11-19,"DE","Rolex",3
2017-11-19,"FR","iPhone",50
2017-11-19,"FR","Tesla",4
2017-11-19,"FR","Rolex",2
2017-11-19,"JP","iPhone",82
2017-11-19,"JP","Tesla",1
2017-11-19,"JP","Rolex",2
2017-11-19,"MX","iPhone",100
2017-11-19,"MX","Tesla",0
2017-11-19,"MX","Rolex",0
2017-11-19,"US","iPhone",70
2017-11-19,"US","Tesla",11
2017-11-19,"US","Rolex",2
2017-11-20,"DE","iPhone",60
2017-11-20,"DE","Tesla",7
2017-11-20,"DE","Rolex",2
2017-11-20,"FR","iPhone",42
2017-11-20,"FR","Tesla",4
2017-11-20,"FR","Rolex",1
2017-11-20,"JP","iPhone",68
2017-11-20,"JP","Tesla",1
2017-11-20,"JP","Rolex",2
2017-11-20,"MX","iPhone",92
2017-11-20,"MX","Tesla",7
2017-11-20,"MX","Rolex",0
2017-11-20,"US","iPhone",65
2017-11-20,"US","Tesla",11
2017-11-20,"US","Rolex",2
2017-11-21,"DE","iPhone",59
2017-11-21,"DE","Tesla",7
2017-11-21,"DE","Rolex",3
2017-11-21,"FR","iPhone",44
2017-11-21,"FR","Tesla",4
2017-11-21,"FR","Rolex",1
2017-11-21,"JP","iPhone",75
2017-11-21,"JP","Tesla",1
2017-11-21,"JP","Rolex",2
2017-11-21,"MX","iPhone",79
2017-11-21,"MX","Tesla",5
2017-11-21,"MX","Rolex",3
2017-11-21,"US","iPhone",63
2017-11-21,"US","Tesla",9
2017-11-21,"US","Rolex",2
2017-11-22,"DE","iPhone",61
2017-11-22,"DE","Tesla",7
2017-11-22,"DE","Rolex",3
2017-11-22,"FR","iPhone",44
2017-11-22,"FR","Tesla",3
2017-11-22,"FR","Rolex",1
2017-11-22,"JP","iPhone",66
2017-11-22,"JP","Tesla",1
2017-11-22,"JP","Rolex",2
2017-11-22,"MX","iPhone",64
2017-11-22,"MX","Tesla",5
2017-11-22,"MX","Rolex",0
2017-11-22,"US","iPhone",70
2017-11-22,"US","Tesla",7
2017-11-22,"US","Rolex",2
2017-11-23,"DE","iPhone",62
2017-11-23,"DE","Tesla",6
2017-11-23,"DE","Rolex",3
2017-11-23,"FR","iPhone",45
2017-11-23,"FR","Tesla",3
2017-11-23,"FR","Rolex",1
2017-11-23,"JP","iPhone",76
2017-11-23,"JP","Tesla",1
2017-11-23,"JP","Rolex",2
2017-11-23,"MX","iPhone",63
2017-11-23,"MX","Tesla",4
2017-11-23,"MX","Rolex",0
2017-11-23,"US","iPhone",82
2017-11-23,"US","Tesla",8
2017-11-23,"US","Rolex",2
2017-11-24,"DE","iPhone",73
2017-11-24,"DE","Tesla",5
2017-11-24,"DE","Rolex",3
2017-11-24,"FR","iPhone",54
2017-11-24,"FR","Tesla",3
2017-11-24,"FR","Rolex",2
2017-11-24,"JP","iPhone",66
2017-11-24,"JP","Tesla",1
2017-11-24,"JP","Rolex",2
2017-11-24,"MX","iPhone",59
2017-11-24,"MX","Tesla",5
2017-11-24,"MX","Rolex",0
2017-11-24,"US","iPhone",94
2017-11-24,"US","Tesla",7
2017-11-24,"US","Rolex",3
2017-11-25,"DE","iPhone",72
2017-11-25,"DE","Tesla",5
2017-11-25,"DE","Rolex",4
2017-11-25,"FR","iPhone",56
2017-11-25,"FR","Tesla",3
2017-11-25,"FR","Rolex",2
2017-11-25,"JP","iPhone",72
2017-11-25,"JP","Tesla",1
2017-11-25,"JP","Rolex",2
2017-11-25,"MX","iPhone",71
2017-11-25,"MX","Tesla",4
2017-11-25,"MX","Rolex",0
2017-11-25,"US","iPhone",80
2017-11-25,"US","Tesla",6
2017-11-25,"US","Rolex",2
2017-11-26,"DE","iPhone",72
2017-11-26,"DE","Tesla",5
2017-11-26,"DE","Rolex",3
2017-11-26,"FR","iPhone",51
2017-11-26,"FR","Tesla",2
2017-11-26,"FR","Rolex",2
2017-11-26,"JP","iPhone",75
2017-11-26,"JP","Tesla",1
2017-11-26,"JP","Rolex",2
2017-11-26,"MX","iPhone",82
2017-11-26,"MX","Tesla",6
2017-11-26,"MX","Rolex",0
2017-11-26,"US","iPhone",77
2017-11-26,"US","Tesla",6
2017-11-26,"US","Rolex",2
2017-11-27,"DE","iPhone",64
2017-11-27,"DE","Tesla",5
2017-11-27,"DE","Rolex",3
2017-11-27,"FR","iPhone",43
2017-11-27,"FR","Tesla",2
2017-11-27,"FR","Rolex",1
2017-11-27,"JP","iPhone",65
2017-11-27,"JP","Tesla",1
2017-11-27,"JP","Rolex",2
2017-11-27,"MX","iPhone",68
2017-11-27,"MX","Tesla",3
2017-11-27,"MX","Rolex",0
2017-11-27,"US","iPhone",64
2017-11-27,"US","Tesla",6
2017-11-27,"US","Rolex",2
2017-11-28,"DE","iPhone",58
2017-11-28,"DE","Tesla",4
2017-11-28,"DE","Rolex",3
2017-11-28,"FR","iPhone",41
2017-11-28,"FR","Tesla",2
2017-11-28,"FR","Rolex",1
2017-11-28,"JP","iPhone",62
2017-11-28,"JP","Tesla",1
2017-11-28,"JP","Rolex",2
2017-11-28,"MX","iPhone",64
2017-11-28,"MX","Tesla",4
2017-11-28,"MX","Rolex",0
2017-11-28,"US","iPhone",62
2017-11-28,"US","Tesla",6
2017-11-28,"US","Rolex",2
2017-11-29,"DE","iPhone",57
2017-11-29,"DE","Tesla",5
2017-11-29,"DE","Rolex",3
2017-11-29,"FR","iPhone",45
2017-11-29,"FR","Tesla",2
2017-11-29,"FR","Rolex",1
2017-11-29,"JP","iPhone",61
2017-11-29,"JP","Tesla",1
2017-11-29,"JP","Rolex",2
2017-11-29,"MX","iPhone",56
2017-11-29,"MX","Tesla",4
2017-11-29,"MX","Rolex",0
2017-11-29,"US","iPhone",57
2017-11-29,"US","Tesla",5
2017-11-29,"US","Rolex",2
2017-11-30,"DE","iPhone",59
2017-11-30,"DE","Tesla",5
2017-11-30,"DE","Rolex",3
2017-11-30,"FR","iPhone",41
2017-11-30,"FR","Tesla",2
2017-11-30,"FR","Rolex",1
2017-11-30,"JP","iPhone",63
2017-11-30,"JP","Tesla",1
2017-11-30,"JP","Rolex",2
2017-11-30,"MX","iPhone",63
2017-11-30,"MX","Tesla",4
2017-11-30,"MX","Rolex",0
2017-11-30,"US","iPhone",59
2017-11-30,"US","Tesla",6
2017-11-30,"US","Rolex",2
2017-12-01,"DE","iPhone",56
2017-12-01,"DE","Tesla",6
2017-12-01,"DE","Rolex",3
2017-12-01,"FR","iPhone",44
2017-12-01,"FR","Tesla",2
2017-12-01,"FR","Rolex",1
2017-12-01,"JP","iPhone",74
2017-12-01,"JP","Tesla",1
2017-12-01,"JP","Rolex",2
2017-12-01,"MX","iPhone",67
2017-12-01,"MX","Tesla",3
2017-12-01,"MX","Rolex",4
2017-12-01,"US","iPhone",61
2017-12-01,"US","Tesla",5
2017-12-01,"US","Rolex",2
2017-12-02,"DE","iPhone",80
2017-12-02,"DE","Tesla",5
2017-12-02,"DE","Rolex",3
2017-12-02,"FR","iPhone",61
2017-12-02,"FR","Tesla",2
2017-12-02,"FR","Rolex",2
2017-12-02,"JP","iPhone",100
2017-12-02,"JP","Tesla",1
2017-12-02,"JP","Rolex",2
2017-12-02,"MX","iPhone",76
2017-12-02,"MX","Tesla",0
2017-12-02,"MX","Rolex",5
2017-12-02,"US","iPhone",79
2017-12-02,"US","Tesla",6
2017-12-02,"US","Rolex",2
2017-12-03,"DE","iPhone",73
2017-12-03,"DE","Tesla",5
2017-12-03,"DE","Rolex",4
2017-12-03,"FR","iPhone",59
2017-12-03,"FR","Tesla",2
2017-12-03,"FR","Rolex",2
2017-12-03,"JP","iPhone",86
2017-12-03,"JP","Tesla",1
2017-12-03,"JP","Rolex",2
2017-12-03,"MX","iPhone",79
2017-12-03,"MX","Tesla",0
2017-12-03,"MX","Rolex",0
2017-12-03,"US","iPhone",69
2017-12-03,"US","Tesla",5
2017-12-03,"US","Rolex",2
2017-12-04,"DE","iPhone",58
2017-12-04,"DE","Tesla",6
2017-12-04,"DE","Rolex",3
2017-12-04,"FR","iPhone",48
2017-12-04,"FR","Tesla",2
2017-12-04,"FR","Rolex",2
2017-12-04,"JP","iPhone",68
2017-12-04,"JP","Tesla",1
2017-12-04,"JP","Rolex",2
2017-12-04,"MX","iPhone",72
2017-12-04,"MX","Tesla",4
2017-12-04,"MX","Rolex",0
2017-12-04,"US","iPhone",60
2017-12-04,"US","Tesla",5
2017-12-04,"US","Rolex",2
2017-12-05,"DE","iPhone",58
2017-12-05,"DE","Tesla",5
2017-12-05,"DE","Rolex",3
2017-12-05,"FR","iPhone",45
2017-12-05,"FR","Tesla",2
2017-12-05,"FR","Rolex",1
2017-12-05,"JP","iPhone",63
2017-12-05,"JP","Tesla",1
2017-12-05,"JP","Rolex",2
2017-12-05,"MX","iPhone",67
2017-12-05,"MX","Tesla",6
2017-12-05,"MX","Rolex",3
2017-12-05,"US","iPhone",63
2017-12-05,"US","Tesla",5
2017-12-05,"US","Rolex",2
2017-12-06,"DE","iPhone",60
2017-12-06,"DE","Tesla",5
2017-12-06,"DE","Rolex",3
2017-12-06,"FR","iPhone",43
2017-12-06,"FR","Tesla",1
2017-12-06,"FR","Rolex",1
2017-12-06,"JP","iPhone",62
2017-12-06,"JP","Tesla",1
2017-12-06,"JP","Rolex",2
2017-12-06,"MX","iPhone",58
2017-12-06,"MX","Tesla",4
2017-12-06,"MX","Rolex",0
2017-12-06,"US","iPhone",58
2017-12-06,"US","Tesla",5
2017-12-06,"US","Rolex",2
2017-12-07,"DE","iPhone",61
2017-12-07,"DE","Tesla",4
2017-12-07,"DE","Rolex",3
2017-12-07,"FR","iPhone",44
2017-12-07,"FR","Tesla",2
2017-12-07,"FR","Rolex",1
2017-12-07,"JP","iPhone",61
2017-12-07,"JP","Tesla",1
2017-12-07,"JP","Rolex",2
2017-12-07,"MX","iPhone",67
2017-12-07,"MX","Tesla",5
2017-12-07,"MX","Rolex",0
2017-12-07,"US","iPhone",58
2017-12-07,"US","Tesla",5
2017-12-07,"US","Rolex",2
2017-12-08,"DE","iPhone",61
2017-12-08,"DE","Tesla",4
2017-12-08,"DE","Rolex",3
2017-12-08,"FR","iPhone",47
2017-12-08,"FR","Tesla",2
2017-12-08,"FR","Rolex",2
2017-12-08,"JP","iPhone",60
2017-12-08,"JP","Tesla",1
2017-12-08,"JP","Rolex",2
2017-12-08,"MX","iPhone",63
2017-12-08,"MX","Tesla",4
2017-12-08,"MX","Rolex",0
2017-12-08,"US","iPhone",58
2017-12-08,"US","Tesla",5
2017-12-08,"US","Rolex",2
2017-12-09,"DE","iPhone",68
2017-12-09,"DE","Tesla",4
2017-12-09,"DE","Rolex",4
2017-12-09,"FR","iPhone",54
2017-12-09,"FR","Tesla",2
2017-12-09,"FR","Rolex",2
2017-12-09,"JP","iPhone",71
2017-12-09,"JP","Tesla",1
2017-12-09,"JP","Rolex",2
2017-12-09,"MX","iPhone",75
2017-12-09,"MX","Tesla",4
2017-12-09,"MX","Rolex",0
2017-12-09,"US","iPhone",69
2017-12-09,"US","Tesla",5
2017-12-09,"US","Rolex",2
2017-12-10,"DE","iPhone",67
2017-12-10,"DE","Tesla",4
2017-12-10,"DE","Rolex",4
2017-12-10,"FR","iPhone",58
2017-12-10,"FR","Tesla",2
2017-12-10,"FR","Rolex",2
2017-12-10,"JP","iPhone",74
2017-12-10,"JP","Tesla",1
2017-12-10,"JP","Rolex",2
2017-12-10,"MX","iPhone",85
2017-12-10,"MX","Tesla",0
2017-12-10,"MX","Rolex",0
2017-12-10,"US","iPhone",69
2017-12-10,"US","Tesla",5
2017-12-10,"US","Rolex",2
2017-12-11,"DE","iPhone",58
2017-12-11,"DE","Tesla",4
2017-12-11,"DE","Rolex",3
2017-12-11,"FR","iPhone",45
2017-12-11,"FR","Tesla",2
2017-12-11,"FR","Rolex",1
2017-12-11,"JP","iPhone",60
2017-12-11,"JP","Tesla",1
2017-12-11,"JP","Rolex",2
2017-12-11,"MX","iPhone",81
2017-12-11,"MX","Tesla",0
2017-12-11,"MX","Rolex",0
2017-12-11,"US","iPhone",59
2017-12-11,"US","Tesla",4
2017-12-11,"US","Rolex",2
2017-12-12,"DE","iPhone",56
2017-12-12,"DE","Tesla",4
2017-12-12,"DE","Rolex",3
2017-12-12,"FR","iPhone",44
2017-12-12,"FR","Tesla",2
2017-12-12,"FR","Rolex",1
2017-12-12,"JP","iPhone",58
2017-12-12,"JP","Tesla",1
2017-12-12,"JP","Rolex",2
2017-12-12,"MX","iPhone",70
2017-12-12,"MX","Tesla",4
2017-12-12,"MX","Rolex",3
2017-12-12,"US","iPhone",57
2017-12-12,"US","Tesla",5
2017-12-12,"US","Rolex",2
2017-12-13,"DE","iPhone",57
2017-12-13,"DE","Tesla",4
2017-12-13,"DE","Rolex",3
2017-12-13,"FR","iPhone",46
2017-12-13,"FR","Tesla",2
2017-12-13,"FR","Rolex",1
2017-12-13,"JP","iPhone",62
2017-12-13,"JP","Tesla",1
2017-12-13,"JP","Rolex",2
2017-12-13,"MX","iPhone",69
2017-12-13,"MX","Tesla",6
2017-12-13,"MX","Rolex",0
2017-12-13,"US","iPhone",60
2017-12-13,"US","Tesla",4
2017-12-13,"US","Rolex",2
2017-12-14,"DE","iPhone",57
2017-12-14,"DE","Tesla",4
2017-12-14,"DE","Rolex",3
2017-12-14,"FR","iPhone",45
2017-12-14,"FR","Tesla",2
2017-12-14,"FR","Rolex",1
2017-12-14,"JP","iPhone",60
2017-12-14,"JP","Tesla",1
2017-12-14,"JP","Rolex",2
2017-12-14,"MX","iPhone",64
2017-12-14,"MX","Tesla",5
2017-12-14,"MX","Rolex",3
2017-12-14,"US","iPhone",54
2017-12-14,"US","Tesla",4
2017-12-14,"US","Rolex",2
2017-12-15,"DE","iPhone",59
2017-12-15,"DE","Tesla",4
2017-12-15,"DE","Rolex",3
2017-12-15,"FR","iPhone",47
2017-12-15,"FR","Tesla",2
2017-12-15,"FR","Rolex",1
2017-12-15,"JP","iPhone",57
2017-12-15,"JP","Tesla",1
2017-12-15,"JP","Rolex",2
2017-12-15,"MX","iPhone",76
2017-12-15,"MX","Tesla",3
2017-12-15,"MX","Rolex",0
2017-12-15,"US","iPhone",58
2017-12-15,"US","Tesla",4
2017-12-15,"US","Rolex",2
2017-12-16,"DE","iPhone",65
2017-12-16,"DE","Tesla",4
2017-12-16,"DE","Rolex",4
2017-12-16,"FR","iPhone",55
2017-12-16,"FR","Tesla",2
2017-12-16,"FR","Rolex",2
2017-12-16,"JP","iPhone",68
2017-12-16,"JP","Tesla",1
2017-12-16,"JP","Rolex",2
2017-12-16,"MX","iPhone",84
2017-12-16,"MX","Tesla",4
2017-12-16,"MX","Rolex",0
2017-12-16,"US","iPhone",67
2017-12-16,"US","Tesla",5
2017-12-16,"US","Rolex",2
2017-12-17,"DE","iPhone",70
2017-12-17,"DE","Tesla",4
2017-12-17,"DE","Rolex",4
2017-12-17,"FR","iPhone",55
2017-12-17,"FR","Tesla",2
2017-12-17,"FR","Rolex",2
2017-12-17,"JP","iPhone",74
2017-12-17,"JP","Tesla",1
2017-12-17,"JP","Rolex",2
2017-12-17,"MX","iPhone",92
2017-12-17,"MX","Tesla",6
2017-12-17,"MX","Rolex",4
2017-12-17,"US","iPhone",70
2017-12-17,"US","Tesla",5
2017-12-17,"US","Rolex",2
2017-12-18,"DE","iPhone",57
2017-12-18,"DE","Tesla",5
2017-12-18,"DE","Rolex",3
2017-12-18,"FR","iPhone",46
2017-12-18,"FR","Tesla",1
2017-12-18,"FR","Rolex",1
2017-12-18,"JP","iPhone",60
2017-12-18,"JP","Tesla",1
2017-12-18,"JP","Rolex",2
2017-12-18,"MX","iPhone",87
2017-12-18,"MX","Tesla",4
2017-12-18,"MX","Rolex",0
2017-12-18,"US","iPhone",59
2017-12-18,"US","Tesla",4
2017-12-18,"US","Rolex",2
2017-12-19,"DE","iPhone",58
2017-12-19,"DE","Tesla",4
2017-12-19,"DE","Rolex",3
2017-12-19,"FR","iPhone",44
2017-12-19,"FR","Tesla",2
2017-12-19,"FR","Rolex",2
2017-12-19,"JP","iPhone",60
2017-12-19,"JP","Tesla",1
2017-12-19,"JP","Rolex",2
2017-12-19,"MX","iPhone",77
2017-12-19,"MX","Tesla",7
2017-12-19,"MX","Rolex",0
2017-12-19,"US","iPhone",61
2017-12-19,"US","Tesla",5
2017-12-19,"US","Rolex",2
2017-12-20,"DE","iPhone",58
2017-12-20,"DE","Tesla",4
2017-12-20,"DE","Rolex",3
2017-12-20,"FR","iPhone",45
2017-12-20,"FR","Tesla",2
2017-12-20,"FR","Rolex",1
2017-12-20,"JP","iPhone",59
2017-12-20,"JP","Tesla",1
2017-12-20,"JP","Rolex",2
2017-12-20,"MX","iPhone",83
2017-12-20,"MX","Tesla",0
2017-12-20,"MX","Rolex",0
2017-12-20,"US","iPhone",59
2017-12-20,"US","Tesla",5
2017-12-20,"US","Rolex",2
2017-12-21,"DE","iPhone",61
2017-12-21,"DE","Tesla",4
2017-12-21,"DE","Rolex",3
2017-12-21,"FR","iPhone",46
2017-12-21,"FR","Tesla",2
2017-12-21,"FR","Rolex",1
2017-12-21,"JP","iPhone",58
2017-12-21,"JP","Tesla",1
2017-12-21,"JP","Rolex",2
2017-12-21,"MX","iPhone",86
2017-12-21,"MX","Tesla",3
2017-12-21,"MX","Rolex",0
2017-12-21,"US","iPhone",65
2017-12-21,"US","Tesla",5
2017-12-21,"US","Rolex",2
2017-12-22,"DE","iPhone",61
2017-12-22,"DE","Tesla",5
2017-12-22,"DE","Rolex",4
2017-12-22,"FR","iPhone",48
2017-12-22,"FR","Tesla",2
2017-12-22,"FR","Rolex",2
2017-12-22,"JP","iPhone",59
2017-12-22,"JP","Tesla",1
2017-12-22,"JP","Rolex",2
2017-12-22,"MX","iPhone",89
2017-12-22,"MX","Tesla",0
2017-12-22,"MX","Rolex",0
2017-12-22,"US","iPhone",66
2017-12-22,"US","Tesla",5
2017-12-22,"US","Rolex",3
2017-12-23,"DE","iPhone",69
2017-12-23,"DE","Tesla",6
2017-12-23,"DE","Rolex",4
2017-12-23,"FR","iPhone",59
2017-12-23,"FR","Tesla",2
2017-12-23,"FR","Rolex",2
2017-12-23,"JP","iPhone",73
2017-12-23,"JP","Tesla",1
2017-12-23,"JP","Rolex",2
2017-12-23,"MX","iPhone",87
2017-12-23,"MX","Tesla",5
2017-12-23,"MX","Rolex",0
2017-12-23,"US","iPhone",70
2017-12-23,"US","Tesla",7
2017-12-23,"US","Rolex",3
2017-12-24,"DE","iPhone",90
2017-12-24,"DE","Tesla",5
2017-12-24,"DE","Rolex",6
2017-12-24,"FR","iPhone",66
2017-12-24,"FR","Tesla",3
2017-12-24,"FR","Rolex",2
2017-12-24,"JP","iPhone",69
2017-12-24,"JP","Tesla",1
2017-12-24,"JP","Rolex",3
2017-12-24,"MX","iPhone",100
2017-12-24,"MX","Tesla",0
2017-12-24,"MX","Rolex",0
2017-12-24,"US","iPhone",72
2017-12-24,"US","Tesla",5
2017-12-24,"US","Rolex",3
2017-12-25,"DE","iPhone",100
2017-12-25,"DE","Tesla",5
2017-12-25,"DE","Rolex",5
2017-12-25,"FR","iPhone",100
2017-12-25,"FR","Tesla",3
2017-12-25,"FR","Rolex",3
2017-12-25,"JP","iPhone",62
2017-12-25,"JP","Tesla",1
2017-12-25,"JP","Rolex",2
2017-12-25,"MX","iPhone",88
2017-12-25,"MX","Tesla",0
2017-12-25,"MX","Rolex",0
2017-12-25,"US","iPhone",100
2017-12-25,"US","Tesla",5
2017-12-25,"US","Rolex",4
2017-12-26,"DE","iPhone",83
2017-12-26,"DE","Tesla",5
2017-12-26,"DE","Rolex",5
2017-12-26,"FR","iPhone",70
2017-12-26,"FR","Tesla",2
2017-12-26,"FR","Rolex",2
2017-12-26,"JP","iPhone",61
2017-12-26,"JP","Tesla",1
2017-12-26,"JP","Rolex",2
2017-12-26,"MX","iPhone",92
2017-12-26,"MX","Tesla",0
2017-12-26,"MX","Rolex",0
2017-12-26,"US","iPhone",87
2017-12-26,"US","Tesla",5
2017-12-26,"US","Rolex",3
2017-12-27,"DE","iPhone",70
2017-12-27,"DE","Tesla",5
2017-12-27,"DE","Rolex",3
2017-12-27,"FR","iPhone",58
2017-12-27,"FR","Tesla",2
2017-12-27,"FR","Rolex",2
2017-12-27,"JP","iPhone",61
2017-12-27,"JP","Tesla",1
2017-12-27,"JP","Rolex",2
2017-12-27,"MX","iPhone",91
2017-12-27,"MX","Tesla",0
2017-12-27,"MX","Rolex",4
2017-12-27,"US","iPhone",79
2017-12-27,"US","Tesla",6
2017-12-27,"US","Rolex",2
2017-12-28,"DE","iPhone",68
2017-12-28,"DE","Tesla",4
2017-12-28,"DE","Rolex",3
2017-12-28,"FR","iPhone",57
2017-12-28,"FR","Tesla",3
2017-12-28,"FR","Rolex",2
2017-12-28,"JP","iPhone",61
2017-12-28,"JP","Tesla",1
2017-12-28,"JP","Rolex",2
2017-12-28,"MX","iPhone",94
2017-12-28,"MX","Tesla",4
2017-12-28,"MX","Rolex",0
2017-12-28,"US","iPhone",71
2017-12-28,"US","Tesla",5
2017-12-28,"US","Rolex",2
2017-12-29,"DE","iPhone",73
2017-12-29,"DE","Tesla",4
2017-12-29,"DE","Rolex",3
2017-12-29,"FR","iPhone",57
2017-12-29,"FR","Tesla",2
2017-12-29,"FR","Rolex",2
2017-12-29,"JP","iPhone",72
2017-12-29,"JP","Tesla",1
2017-12-29,"JP","Rolex",2
2017-12-29,"MX","iPhone",92
2017-12-29,"MX","Tesla",4
2017-12-29,"MX","Rolex",0
2017-12-29,"US","iPhone",73
2017-12-29,"US","Tesla",5
2017-12-29,"US","Rolex",2
2017-12-30,"DE","iPhone",68
2017-12-30,"DE","Tesla",4
2017-12-30,"DE","Rolex",3
2017-12-30,"FR","iPhone",53
2017-12-30,"FR","Tesla",2
2017-12-30,"FR","Rolex",1
2017-12-30,"JP","iPhone",73
2017-12-30,"JP","Tesla",1
2017-12-30,"JP","Rolex",2
2017-12-30,"MX","iPhone",100
2017-12-30,"MX","Tesla",0
2017-12-30,"MX","Rolex",0
2017-12-30,"US","iPhone",71
2017-12-30,"US","Tesla",5
2017-12-30,"US","Rolex",2
2017-12-31,"DE","iPhone",58
2017-12-31,"DE","Tesla",3
2017-12-31,"DE","Rolex",4
2017-12-31,"FR","iPhone",46
2017-12-31,"FR","Tesla",2
2017-12-31,"FR","Rolex",2
2017-12-31,"JP","iPhone",61
2017-12-31,"JP","Tesla",1
2017-12-31,"JP","Rolex",2
2017-12-31,"MX","iPhone",96
2017-12-31,"MX","Tesla",5
2017-12-31,"MX","Rolex",0
2017-12-31,"US","iPhone",65
2017-12-31,"US","Tesla",4
2017-12-31,"US","Rolex",2
2018-01-01,"DE","iPhone",67
2018-01-01,"DE","Tesla",4
2018-01-01,"DE","Rolex",3
2018-01-01,"FR","iPhone",54
2018-01-01,"FR","Tesla",3
2018-01-01,"FR","Rolex",2
2018-01-01,"JP","iPhone",64
2018-01-01,"JP","Tesla",1
2018-01-01,"JP","Rolex",2
2018-01-01,"MX","iPhone",78
2018-01-01,"MX","Tesla",0
2018-01-01,"MX","Rolex",0
2018-01-01,"US","iPhone",64
2018-01-01,"US","Tesla",4
2018-01-01,"US","Rolex",2
2018-01-02,"DE","iPhone",63
2018-01-02,"DE","Tesla",4
2018-01-02,"DE","Rolex",3
2018-01-02,"FR","iPhone",49
2018-01-02,"FR","Tesla",2
2018-01-02,"FR","Rolex",1
2018-01-02,"JP","iPhone",70
2018-01-02,"JP","Tesla",1
2018-01-02,"JP","Rolex",2
2018-01-02,"MX","iPhone",83
2018-01-02,"MX","Tesla",0
2018-01-02,"MX","Rolex",0
2018-01-02,"US","iPhone",60
2018-01-02,"US","Tesla",4
2018-01-02,"US","Rolex",2
2018-01-03,"DE","iPhone",57
2018-01-03,"DE","Tesla",4
2018-01-03,"DE","Rolex",3
2018-01-03,"FR","iPhone",45
2018-01-03,"FR","Tesla",2
2018-01-03,"FR","Rolex",1
2018-01-03,"JP","iPhone",71
2018-01-03,"JP","Tesla",1
2018-01-03,"JP","Rolex",2
2018-01-03,"MX","iPhone",86
2018-01-03,"MX","Tesla",5
2018-01-03,"MX","Rolex",4
2018-01-03,"US","iPhone",57
2018-01-03,"US","Tesla",5
2018-01-03,"US","Rolex",2
2018-01-04,"DE","iPhone",60
2018-01-04,"DE","Tesla",7
2018-01-04,"DE","Rolex",3
2018-01-04,"FR","iPhone",43
2018-01-04,"FR","Tesla",3
2018-01-04,"FR","Rolex",1
2018-01-04,"JP","iPhone",69
2018-01-04,"JP","Tesla",1
2018-01-04,"JP","Rolex",2
2018-01-04,"MX","iPhone",90
2018-01-04,"MX","Tesla",7
2018-01-04,"MX","Rolex",0
2018-01-04,"US","iPhone",56
2018-01-04,"US","Tesla",5
2018-01-04,"US","Rolex",2
2018-01-05,"DE","iPhone",56
2018-01-05,"DE","Tesla",4
2018-01-05,"DE","Rolex",3
2018-01-05,"FR","iPhone",43
2018-01-05,"FR","Tesla",2
2018-01-05,"FR","Rolex",1
2018-01-05,"JP","iPhone",65
2018-01-05,"JP","Tesla",1
2018-01-05,"JP","Rolex",2
2018-01-05,"MX","iPhone",84
2018-01-05,"MX","Tesla",6
2018-01-05,"MX","Rolex",0
2018-01-05,"US","iPhone",57
2018-01-05,"US","Tesla",5
2018-01-05,"US","Rolex",2
2018-01-06,"DE","iPhone",61
2018-01-06,"DE","Tesla",4
2018-01-06,"DE","Rolex",4
2018-01-06,"FR","iPhone",48
2018-01-06,"FR","Tesla",2
2018-01-06,"FR","Rolex",1
2018-01-06,"JP","iPhone",67
2018-01-06,"JP","Tesla",1
2018-01-06,"JP","Rolex",2
2018-01-06,"MX","iPhone",98
2018-01-06,"MX","Tesla",6
2018-01-06,"MX","Rolex",0
2018-01-06,"US","iPhone",62
2018-01-06,"US","Tesla",4
2018-01-06,"US","Rolex",2
2018-01-07,"DE","iPhone",61
2018-01-07,"DE","Tesla",4
2018-01-07,"DE","Rolex",3
2018-01-07,"FR","iPhone",42
2018-01-07,"FR","Tesla",2
2018-01-07,"FR","Rolex",1
2018-01-07,"JP","iPhone",68
2018-01-07,"JP","Tesla",1
2018-01-07,"JP","Rolex",3
2018-01-07,"MX","iPhone",95
2018-01-07,"MX","Tesla",7
2018-01-07,"MX","Rolex",0
2018-01-07,"US","iPhone",60
2018-01-07,"US","Tesla",5
2018-01-07,"US","Rolex",2
2018-01-08,"DE","iPhone",53
2018-01-08,"DE","Tesla",5
2018-01-08,"DE","Rolex",3
2018-01-08,"FR","iPhone",37
2018-01-08,"FR","Tesla",2
2018-01-08,"FR","Rolex",1
2018-01-08,"JP","iPhone",68
2018-01-08,"JP","Tesla",1
2018-01-08,"JP","Rolex",2
2018-01-08,"MX","iPhone",75
2018-01-08,"MX","Tesla",5
2018-01-08,"MX","Rolex",0
2018-01-08,"US","iPhone",53
2018-01-08,"US","Tesla",5
2018-01-08,"US","Rolex",2
2018-01-09,"DE","iPhone",53
2018-01-09,"DE","Tesla",5
2018-01-09,"DE","Rolex",3
2018-01-09,"FR","iPhone",37
2018-01-09,"FR","Tesla",2
2018-01-09,"FR","Rolex",1
2018-01-09,"JP","iPhone",59
2018-01-09,"JP","Tesla",2
2018-01-09,"JP","Rolex",2
2018-01-09,"MX","iPhone",68
2018-01-09,"MX","Tesla",3
2018-01-09,"MX","Rolex",0
2018-01-09,"US","iPhone",50
2018-01-09,"US","Tesla",4
2018-01-09,"US","Rolex",2
2018-01-10,"DE","iPhone",51
2018-01-10,"DE","Tesla",4
2018-01-10,"DE","Rolex",3
2018-01-10,"FR","iPhone",41
2018-01-10,"FR","Tesla",2
2018-01-10,"FR","Rolex",1
2018-01-10,"JP","iPhone",60
2018-01-10,"JP","Tesla",1
2018-01-10,"JP","Rolex",2
2018-01-10,"MX","iPhone",69
2018-01-10,"MX","Tesla",7
2018-01-10,"MX","Rolex",0
2018-01-10,"US","iPhone",50
2018-01-10,"US","Tesla",5
2018-01-10,"US","Rolex",2
2018-01-11,"DE","iPhone",54
2018-01-11,"DE","Tesla",4
2018-01-11,"DE","Rolex",3
2018-01-11,"FR","iPhone",37
2018-01-11,"FR","Tesla",2
2018-01-11,"FR","Rolex",1
2018-01-11,"JP","iPhone",57
2018-01-11,"JP","Tesla",1
2018-01-11,"JP","Rolex",2
2018-01-11,"MX","iPhone",64
2018-01-11,"MX","Tesla",4
2018-01-11,"MX","Rolex",4
2018-01-11,"US","iPhone",49
2018-01-11,"US","Tesla",5
2018-01-11,"US","Rolex",2
2018-01-12,"DE","iPhone",53
2018-01-12,"DE","Tesla",4
2018-01-12,"DE","Rolex",3
2018-01-12,"FR","iPhone",38
2018-01-12,"FR","Tesla",2
2018-01-12,"FR","Rolex",2
2018-01-12,"JP","iPhone",56
2018-01-12,"JP","Tesla",1
2018-01-12,"JP","Rolex",2
2018-01-12,"MX","iPhone",69
2018-01-12,"MX","Tesla",4
2018-01-12,"MX","Rolex",0
2018-01-12,"US","iPhone",49
2018-01-12,"US","Tesla",5
2018-01-12,"US","Rolex",2
2018-01-13,"DE","iPhone",60
2018-01-13,"DE","Tesla",4
2018-01-13,"DE","Rolex",3
2018-01-13,"FR","iPhone",44
2018-01-13,"FR","Tesla",2
2018-01-13,"FR","Rolex",2
2018-01-13,"JP","iPhone",64
2018-01-13,"JP","Tesla",1
2018-01-13,"JP","Rolex",2
2018-01-13,"MX","iPhone",82
2018-01-13,"MX","Tesla",4
2018-01-13,"MX","Rolex",0
2018-01-13,"US","iPhone",58
2018-01-13,"US","Tesla",5
2018-01-13,"US","Rolex",2
2018-01-14,"DE","iPhone",56
2018-01-14,"DE","Tesla",4
2018-01-14,"DE","Rolex",3
2018-01-14,"FR","iPhone",42
2018-01-14,"FR","Tesla",2
2018-01-14,"FR","Rolex",1
2018-01-14,"JP","iPhone",65
2018-01-14,"JP","Tesla",1
2018-01-14,"JP","Rolex",2
2018-01-14,"MX","iPhone",83
2018-01-14,"MX","Tesla",3
2018-01-14,"MX","Rolex",0
2018-01-14,"US","iPhone",54
2018-01-14,"US","Tesla",5
2018-01-14,"US","Rolex",2
2018-01-15,"DE","iPhone",50
2018-01-15,"DE","Tesla",3
2018-01-15,"DE","Rolex",3
2018-01-15,"FR","iPhone",34
2018-01-15,"FR","Tesla",1
2018-01-15,"FR","Rolex",1
2018-01-15,"JP","iPhone",58
2018-01-15,"JP","Tesla",1
2018-01-15,"JP","Rolex",2
2018-01-15,"MX","iPhone",66
2018-01-15,"MX","Tesla",3
2018-01-15,"MX","Rolex",4
2018-01-15,"US","iPhone",52
2018-01-15,"US","Tesla",6
2018-01-15,"US","Rolex",2
2018-01-16,"DE","iPhone",50
2018-01-16,"DE","Tesla",4
2018-01-16,"DE","Rolex",3
2018-01-16,"FR","iPhone",33
2018-01-16,"FR","Tesla",2
2018-01-16,"FR","Rolex",1
2018-01-16,"JP","iPhone",57
2018-01-16,"JP","Tesla",1
2018-01-16,"JP","Rolex",2
2018-01-16,"MX","iPhone",65
2018-01-16,"MX","Tesla",2
2018-01-16,"MX","Rolex",0
2018-01-16,"US","iPhone",50
2018-01-16,"US","Tesla",5
2018-01-16,"US","Rolex",2
2018-01-17,"DE","iPhone",51
2018-01-17,"DE","Tesla",4
2018-01-17,"DE","Rolex",3
2018-01-17,"FR","iPhone",36
2018-01-17,"FR","Tesla",2
2018-01-17,"FR","Rolex",1
2018-01-17,"JP","iPhone",58
2018-01-17,"JP","Tesla",1
2018-01-17,"JP","Rolex",3
2018-01-17,"MX","iPhone",58
2018-01-17,"MX","Tesla",0
2018-01-17,"MX","Rolex",0
2018-01-17,"US","iPhone",46
2018-01-17,"US","Tesla",5
2018-01-17,"US","Rolex",2
2018-01-18,"DE","iPhone",49
2018-01-18,"DE","Tesla",4
2018-01-18,"DE","Rolex",3
2018-01-18,"FR","iPhone",34
2018-01-18,"FR","Tesla",2
2018-01-18,"FR","Rolex",1
2018-01-18,"JP","iPhone",61
2018-01-18,"JP","Tesla",1
2018-01-18,"JP","Rolex",2
2018-01-18,"MX","iPhone",63
2018-01-18,"MX","Tesla",7
2018-01-18,"MX","Rolex",0
2018-01-18,"US","iPhone",48
2018-01-18,"US","Tesla",4
2018-01-18,"US","Rolex",2
2018-01-19,"DE","iPhone",49
2018-01-19,"DE","Tesla",4
2018-01-19,"DE","Rolex",3
2018-01-19,"FR","iPhone",35
2018-01-19,"FR","Tesla",2
2018-01-19,"FR","Rolex",1
2018-01-19,"JP","iPhone",54
2018-01-19,"JP","Tesla",1
2018-01-19,"JP","Rolex",2
2018-01-19,"MX","iPhone",71
2018-01-19,"MX","Tesla",3
2018-01-19,"MX","Rolex",0
2018-01-19,"US","iPhone",47
2018-01-19,"US","Tesla",4
2018-01-19,"US","Rolex",2
2018-01-20,"DE","iPhone",65
2018-01-20,"DE","Tesla",3
2018-01-20,"DE","Rolex",4
2018-01-20,"FR","iPhone",43
2018-01-20,"FR","Tesla",2
2018-01-20,"FR","Rolex",2
2018-01-20,"JP","iPhone",63
2018-01-20,"JP","Tesla",1
2018-01-20,"JP","Rolex",2
2018-01-20,"MX","iPhone",83
2018-01-20,"MX","Tesla",0
2018-01-20,"MX","Rolex",0
2018-01-20,"US","iPhone",56
2018-01-20,"US","Tesla",4
2018-01-20,"US","Rolex",2
2018-01-21,"DE","iPhone",57
2018-01-21,"DE","Tesla",3
2018-01-21,"DE","Rolex",3
2018-01-21,"FR","iPhone",41
2018-01-21,"FR","Tesla",2
2018-01-21,"FR","Rolex",2
2018-01-21,"JP","iPhone",64
2018-01-21,"JP","Tesla",1
2018-01-21,"JP","Rolex",2
2018-01-21,"MX","iPhone",89
2018-01-21,"MX","Tesla",5
2018-01-21,"MX","Rolex",4
2018-01-21,"US","iPhone",53
2018-01-21,"US","Tesla",5
2018-01-21,"US","Rolex",2
2018-01-22,"DE","iPhone",47
2018-01-22,"DE","Tesla",3
2018-01-22,"DE","Rolex",2
2018-01-22,"FR","iPhone",34
2018-01-22,"FR","Tesla",2
2018-01-22,"FR","Rolex",1
2018-01-22,"JP","iPhone",54
2018-01-22,"JP","Tesla",1
2018-01-22,"JP","Rolex",2
2018-01-22,"MX","iPhone",76
2018-01-22,"MX","Tesla",0
2018-01-22,"MX","Rolex",3
2018-01-22,"US","iPhone",47
2018-01-22,"US","Tesla",4
2018-01-22,"US","Rolex",2
2018-01-23,"DE","iPhone",49
2018-01-23,"DE","Tesla",4
2018-01-23,"DE","Rolex",3
2018-01-23,"FR","iPhone",35
2018-01-23,"FR","Tesla",2
2018-01-23,"FR","Rolex",1
2018-01-23,"JP","iPhone",53
2018-01-23,"JP","Tesla",1
2018-01-23,"JP","Rolex",2
2018-01-23,"MX","iPhone",63
2018-01-23,"MX","Tesla",3
2018-01-23,"MX","Rolex",0
2018-01-23,"US","iPhone",47
2018-01-23,"US","Tesla",6
2018-01-23,"US","Rolex",2
2018-01-24,"DE","iPhone",50
2018-01-24,"DE","Tesla",4
2018-01-24,"DE","Rolex",3
2018-01-24,"FR","iPhone",34
2018-01-24,"FR","Tesla",2
2018-01-24,"FR","Rolex",1
2018-01-24,"JP","iPhone",53
2018-01-24,"JP","Tesla",1
2018-01-24,"JP","Rolex",2
2018-01-24,"MX","iPhone",61
2018-01-24,"MX","Tesla",0
2018-01-24,"MX","Rolex",3
2018-01-24,"US","iPhone",46
2018-01-24,"US","Tesla",5
2018-01-24,"US","Rolex",2
2018-01-25,"DE","iPhone",47
2018-01-25,"DE","Tesla",4
2018-01-25,"DE","Rolex",3
2018-01-25,"FR","iPhone",33
2018-01-25,"FR","Tesla",2
2018-01-25,"FR","Rolex",1
2018-01-25,"JP","iPhone",54
2018-01-25,"JP","Tesla",1
2018-01-25,"JP","Rolex",2
2018-01-25,"MX","iPhone",61
2018-01-25,"MX","Tesla",3
2018-01-25,"MX","Rolex",0
2018-01-25,"US","iPhone",44
2018-01-25,"US","Tesla",5
2018-01-25,"US","Rolex",2
2018-01-26,"DE","iPhone",50
2018-01-26,"DE","Tesla",5
2018-01-26,"DE","Rolex",3
2018-01-26,"FR","iPhone",34
2018-01-26,"FR","Tesla",2
2018-01-26,"FR","Rolex",2
2018-01-26,"JP","iPhone",54
2018-01-26,"JP","Tesla",1
2018-01-26,"JP","Rolex",2
2018-01-26,"MX","iPhone",68
2018-01-26,"MX","Tesla",3
2018-01-26,"MX","Rolex",0
2018-01-26,"US","iPhone",46
2018-01-26,"US","Tesla",5
2018-01-26,"US","Rolex",2
2018-01-27,"DE","iPhone",57
2018-01-27,"DE","Tesla",4
2018-01-27,"DE","Rolex",4
2018-01-27,"FR","iPhone",42
2018-01-27,"FR","Tesla",2
2018-01-27,"FR","Rolex",2
2018-01-27,"JP","iPhone",62
2018-01-27,"JP","Tesla",1
2018-01-27,"JP","Rolex",2
2018-01-27,"MX","iPhone",69
2018-01-27,"MX","Tesla",5
2018-01-27,"MX","Rolex",3
2018-01-27,"US","iPhone",56
2018-01-27,"US","Tesla",5
2018-01-27,"US","Rolex",4
2018-01-28,"DE","iPhone",53
2018-01-28,"DE","Tesla",4
2018-01-28,"DE","Rolex",4
2018-01-28,"FR","iPhone",39
2018-01-28,"FR","Tesla",3
2018-01-28,"FR","Rolex",2
2018-01-28,"JP","iPhone",67
2018-01-28,"JP","Tesla",1
2018-01-28,"JP","Rolex",2
2018-01-28,"MX","iPhone",78
2018-01-28,"MX","Tesla",0
2018-01-28,"MX","Rolex",0
2018-01-28,"US","iPhone",53
2018-01-28,"US","Tesla",5
2018-01-28,"US","Rolex",5
2018-01-29,"DE","iPhone",45
2018-01-29,"DE","Tesla",4
2018-01-29,"DE","Rolex",3
2018-01-29,"FR","iPhone",33
2018-01-29,"FR","Tesla",2
2018-01-29,"FR","Rolex",1
2018-01-29,"JP","iPhone",58
2018-01-29,"JP","Tesla",1
2018-01-29,"JP","Rolex",2
2018-01-29,"MX","iPhone",69
2018-01-29,"MX","Tesla",2
2018-01-29,"MX","Rolex",0
2018-01-29,"US","iPhone",48
2018-01-29,"US","Tesla",5
2018-01-29,"US","Rolex",2
2018-01-30,"DE","iPhone",48
2018-01-30,"DE","Tesla",4
2018-01-30,"DE","Rolex",3
2018-01-30,"FR","iPhone",32
2018-01-30,"FR","Tesla",2
2018-01-30,"FR","Rolex",1
2018-01-30,"JP","iPhone",54
2018-01-30,"JP","Tesla",1
2018-01-30,"JP","Rolex",2
2018-01-30,"MX","iPhone",57
2018-01-30,"MX","Tesla",3
2018-01-30,"MX","Rolex",0
2018-01-30,"US","iPhone",46
2018-01-30,"US","Tesla",5
2018-01-30,"US","Rolex",2
2018-01-31,"DE","iPhone",46
2018-01-31,"DE","Tesla",4
2018-01-31,"DE","Rolex",3
2018-01-31,"FR","iPhone",33
2018-01-31,"FR","Tesla",2
2018-01-31,"FR","Rolex",1
2018-01-31,"JP","iPhone",58
2018-01-31,"JP","Tesla",1
2018-01-31,"JP","Rolex",2
2018-01-31,"MX","iPhone",58
2018-01-31,"MX","Tesla",0
2018-01-31,"MX","Rolex",2
2018-01-31,"US","iPhone",44
2018-01-31,"US","Tesla",5
2018-01-31,"US","Rolex",2
2018-02-01,"DE","iPhone",47
2018-02-01,"DE","Tesla",4
2018-02-01,"DE","Rolex",3
2018-02-01,"FR","iPhone",31
2018-02-01,"FR","Tesla",2
2018-02-01,"FR","Rolex",1
2018-02-01,"JP","iPhone",54
2018-02-01,"JP","Tesla",1
2018-02-01,"JP","Rolex",2
2018-02-01,"MX","iPhone",60
2018-02-01,"MX","Tesla",3
2018-02-01,"MX","Rolex",0
2018-02-01,"US","iPhone",44
2018-02-01,"US","Tesla",5
2018-02-01,"US","Rolex",2
2018-02-02,"DE","iPhone",46
2018-02-02,"DE","Tesla",4
2018-02-02,"DE","Rolex",3
2018-02-02,"FR","iPhone",32
2018-02-02,"FR","Tesla",2
2018-02-02,"FR","Rolex",1
2018-02-02,"JP","iPhone",52
2018-02-02,"JP","Tesla",1
2018-02-02,"JP","Rolex",2
2018-02-02,"MX","iPhone",58
2018-02-02,"MX","Tesla",0
2018-02-02,"MX","Rolex",0
2018-02-02,"US","iPhone",44
2018-02-02,"US","Tesla",5
2018-02-02,"US","Rolex",2
2018-02-03,"DE","iPhone",53
2018-02-03,"DE","Tesla",4
2018-02-03,"DE","Rolex",3
2018-02-03,"FR","iPhone",41
2018-02-03,"FR","Tesla",2
2018-02-03,"FR","Rolex",1
2018-02-03,"JP","iPhone",62
2018-02-03,"JP","Tesla",1
2018-02-03,"JP","Rolex",2
2018-02-03,"MX","iPhone",72
2018-02-03,"MX","Tesla",0
2018-02-03,"MX","Rolex",0
2018-02-03,"US","iPhone",52
2018-02-03,"US","Tesla",4
2018-02-03,"US","Rolex",2
2018-02-04,"DE","iPhone",52
2018-02-04,"DE","Tesla",3
2018-02-04,"DE","Rolex",3
2018-02-04,"FR","iPhone",41
2018-02-04,"FR","Tesla",2
2018-02-04,"FR","Rolex",1
2018-02-04,"JP","iPhone",64
2018-02-04,"JP","Tesla",1
2018-02-04,"JP","Rolex",2
2018-02-04,"MX","iPhone",80
2018-02-04,"MX","Tesla",3
2018-02-04,"MX","Rolex",0
2018-02-04,"US","iPhone",50
2018-02-04,"US","Tesla",5
2018-02-04,"US","Rolex",2
2018-02-05,"DE","iPhone",49
2018-02-05,"DE","Tesla",4
2018-02-05,"DE","Rolex",3
2018-02-05,"FR","iPhone",31
2018-02-05,"FR","Tesla",2
2018-02-05,"FR","Rolex",1
2018-02-05,"JP","iPhone",56
2018-02-05,"JP","Tesla",1
2018-02-05,"JP","Rolex",2
2018-02-05,"MX","iPhone",67
2018-02-05,"MX","Tesla",0
2018-02-05,"MX","Rolex",3
2018-02-05,"US","iPhone",42
2018-02-05,"US","Tesla",4
2018-02-05,"US","Rolex",1
2018-02-06,"DE","iPhone",45
2018-02-06,"DE","Tesla",8
2018-02-06,"DE","Rolex",3
2018-02-06,"FR","iPhone",30
2018-02-06,"FR","Tesla",4
2018-02-06,"FR","Rolex",1
2018-02-06,"JP","iPhone",55
2018-02-06,"JP","Tesla",1
2018-02-06,"JP","Rolex",2
2018-02-06,"MX","iPhone",62
2018-02-06,"MX","Tesla",5
2018-02-06,"MX","Rolex",2
2018-02-06,"US","iPhone",43
2018-02-06,"US","Tesla",10
2018-02-06,"US","Rolex",1
2018-02-07,"DE","iPhone",46
2018-02-07,"DE","Tesla",13
2018-02-07,"DE","Rolex",3
2018-02-07,"FR","iPhone",33
2018-02-07,"FR","Tesla",7
2018-02-07,"FR","Rolex",1
2018-02-07,"JP","iPhone",56
2018-02-07,"JP","Tesla",2
2018-02-07,"JP","Rolex",2
2018-02-07,"MX","iPhone",57
2018-02-07,"MX","Tesla",9
2018-02-07,"MX","Rolex",0
2018-02-07,"US","iPhone",46
2018-02-07,"US","Tesla",18
2018-02-07,"US","Rolex",2
2018-02-08,"DE","iPhone",45
2018-02-08,"DE","Tesla",11
2018-02-08,"DE","Rolex",3
2018-02-08,"FR","iPhone",32
2018-02-08,"FR","Tesla",5
2018-02-08,"FR","Rolex",1
2018-02-08,"JP","iPhone",49
2018-02-08,"JP","Tesla",2
2018-02-08,"JP","Rolex",2
2018-02-08,"MX","iPhone",57
2018-02-08,"MX","Tesla",6
2018-02-08,"MX","Rolex",0
2018-02-08,"US","iPhone",46
2018-02-08,"US","Tesla",14
2018-02-08,"US","Rolex",2
2018-02-09,"DE","iPhone",44
2018-02-09,"DE","Tesla",8
2018-02-09,"DE","Rolex",3
2018-02-09,"FR","iPhone",31
2018-02-09,"FR","Tesla",3
2018-02-09,"FR","Rolex",1
2018-02-09,"JP","iPhone",50
2018-02-09,"JP","Tesla",1
2018-02-09,"JP","Rolex",2
2018-02-09,"MX","iPhone",56
2018-02-09,"MX","Tesla",5
2018-02-09,"MX","Rolex",2
2018-02-09,"US","iPhone",45
2018-02-09,"US","Tesla",10
2018-02-09,"US","Rolex",2
2018-02-10,"DE","iPhone",51
2018-02-10,"DE","Tesla",6
2018-02-10,"DE","Rolex",3
2018-02-10,"FR","iPhone",38
2018-02-10,"FR","Tesla",4
2018-02-10,"FR","Rolex",1
2018-02-10,"JP","iPhone",60
2018-02-10,"JP","Tesla",1
2018-02-10,"JP","Rolex",2
2018-02-10,"MX","iPhone",67
2018-02-10,"MX","Tesla",4
2018-02-10,"MX","Rolex",5
2018-02-10,"US","iPhone",53
2018-02-10,"US","Tesla",9
2018-02-10,"US","Rolex",2
2018-02-11,"DE","iPhone",52
2018-02-11,"DE","Tesla",5
2018-02-11,"DE","Rolex",3
2018-02-11,"FR","iPhone",39
2018-02-11,"FR","Tesla",3
2018-02-11,"FR","Rolex",2
2018-02-11,"JP","iPhone",71
2018-02-11,"JP","Tesla",1
2018-02-11,"JP","Rolex",2
2018-02-11,"MX","iPhone",68
2018-02-11,"MX","Tesla",4
2018-02-11,"MX","Rolex",0
2018-02-11,"US","iPhone",51
2018-02-11,"US","Tesla",8
2018-02-11,"US","Rolex",2
2018-02-12,"DE","iPhone",45
2018-02-12,"DE","Tesla",5
2018-02-12,"DE","Rolex",2
2018-02-12,"FR","iPhone",31
2018-02-12,"FR","Tesla",2
2018-02-12,"FR","Rolex",1
2018-02-12,"JP","iPhone",67
2018-02-12,"JP","Tesla",1
2018-02-12,"JP","Rolex",2
2018-02-12,"MX","iPhone",58
2018-02-12,"MX","Tesla",6
2018-02-12,"MX","Rolex",0
2018-02-12,"US","iPhone",45
2018-02-12,"US","Tesla",7
2018-02-12,"US","Rolex",1
2018-02-13,"DE","iPhone",45
2018-02-13,"DE","Tesla",5
2018-02-13,"DE","Rolex",2
2018-02-13,"FR","iPhone",31
2018-02-13,"FR","Tesla",2
2018-02-13,"FR","Rolex",1
2018-02-13,"JP","iPhone",56
2018-02-13,"JP","Tesla",1
2018-02-13,"JP","Rolex",2
2018-02-13,"MX","iPhone",61
2018-02-13,"MX","Tesla",5
2018-02-13,"MX","Rolex",0
2018-02-13,"US","iPhone",43
2018-02-13,"US","Tesla",6
2018-02-13,"US","Rolex",1
2018-02-14,"DE","iPhone",43
2018-02-14,"DE","Tesla",5
2018-02-14,"DE","Rolex",2
2018-02-14,"FR","iPhone",33
2018-02-14,"FR","Tesla",2
2018-02-14,"FR","Rolex",1
2018-02-14,"JP","iPhone",52
2018-02-14,"JP","Tesla",1
2018-02-14,"JP","Rolex",2
2018-02-14,"MX","iPhone",49
2018-02-14,"MX","Tesla",5
2018-02-14,"MX","Rolex",0
2018-02-14,"US","iPhone",41
2018-02-14,"US","Tesla",6
2018-02-14,"US","Rolex",2
2018-02-15,"DE","iPhone",43
2018-02-15,"DE","Tesla",4
2018-02-15,"DE","Rolex",3
2018-02-15,"FR","iPhone",30
2018-02-15,"FR","Tesla",2
2018-02-15,"FR","Rolex",1
2018-02-15,"JP","iPhone",53
2018-02-15,"JP","Tesla",1
2018-02-15,"JP","Rolex",2
2018-02-15,"MX","iPhone",51
2018-02-15,"MX","Tesla",4
2018-02-15,"MX","Rolex",0
2018-02-15,"US","iPhone",44
2018-02-15,"US","Tesla",5
2018-02-15,"US","Rolex",1
2018-02-16,"DE","iPhone",45
2018-02-16,"DE","Tesla",4
2018-02-16,"DE","Rolex",3
2018-02-16,"FR","iPhone",30
2018-02-16,"FR","Tesla",2
2018-02-16,"FR","Rolex",1
2018-02-16,"JP","iPhone",54
2018-02-16,"JP","Tesla",1
2018-02-16,"JP","Rolex",2
2018-02-16,"MX","iPhone",57
2018-02-16,"MX","Tesla",5
2018-02-16,"MX","Rolex",0
2018-02-16,"US","iPhone",42
2018-02-16,"US","Tesla",5
2018-02-16,"US","Rolex",2
2018-02-17,"DE","iPhone",60
2018-02-17,"DE","Tesla",4
2018-02-17,"DE","Rolex",3
2018-02-17,"FR","iPhone",39
2018-02-17,"FR","Tesla",3
2018-02-17,"FR","Rolex",2
2018-02-17,"JP","iPhone",60
2018-02-17,"JP","Tesla",1
2018-02-17,"JP","Rolex",2
2018-02-17,"MX","iPhone",73
2018-02-17,"MX","Tesla",4
2018-02-17,"MX","Rolex",3
2018-02-17,"US","iPhone",57
2018-02-17,"US","Tesla",5
2018-02-17,"US","Rolex",2
2018-02-18,"DE","iPhone",55
2018-02-18,"DE","Tesla",4
2018-02-18,"DE","Rolex",3
2018-02-18,"FR","iPhone",38
2018-02-18,"FR","Tesla",2
2018-02-18,"FR","Rolex",1
2018-02-18,"JP","iPhone",64
2018-02-18,"JP","Tesla",1
2018-02-18,"JP","Rolex",2
2018-02-18,"MX","iPhone",72
2018-02-18,"MX","Tesla",4
2018-02-18,"MX","Rolex",0
2018-02-18,"US","iPhone",51
2018-02-18,"US","Tesla",5
2018-02-18,"US","Rolex",2
2018-02-19,"DE","iPhone",43
2018-02-19,"DE","Tesla",4
2018-02-19,"DE","Rolex",2
2018-02-19,"FR","iPhone",32
2018-02-19,"FR","Tesla",2
2018-02-19,"FR","Rolex",1
2018-02-19,"JP","iPhone",55
2018-02-19,"JP","Tesla",1
2018-02-19,"JP","Rolex",2
2018-02-19,"MX","iPhone",59
2018-02-19,"MX","Tesla",4
2018-02-19,"MX","Rolex",0
2018-02-19,"US","iPhone",49
2018-02-19,"US","Tesla",5
2018-02-19,"US","Rolex",2
2018-02-20,"DE","iPhone",45
2018-02-20,"DE","Tesla",4
2018-02-20,"DE","Rolex",2
2018-02-20,"FR","iPhone",31
2018-02-20,"FR","Tesla",2
2018-02-20,"FR","Rolex",1
2018-02-20,"JP","iPhone",53
2018-02-20,"JP","Tesla",1
2018-02-20,"JP","Rolex",2
2018-02-20,"MX","iPhone",61
2018-02-20,"MX","Tesla",3
2018-02-20,"MX","Rolex",0
2018-02-20,"US","iPhone",45
2018-02-20,"US","Tesla",5
2018-02-20,"US","Rolex",1
2018-02-21,"DE","iPhone",44
2018-02-21,"DE","Tesla",4
2018-02-21,"DE","Rolex",3
2018-02-21,"FR","iPhone",32
2018-02-21,"FR","Tesla",2
2018-02-21,"FR","Rolex",1
2018-02-21,"JP","iPhone",54
2018-02-21,"JP","Tesla",1
2018-02-21,"JP","Rolex",2
2018-02-21,"MX","iPhone",62
2018-02-21,"MX","Tesla",4
2018-02-21,"MX","Rolex",0
2018-02-21,"US","iPhone",47
2018-02-21,"US","Tesla",5
2018-02-21,"US","Rolex",1
2018-02-22,"DE","iPhone",45
2018-02-22,"DE","Tesla",4
2018-02-22,"DE","Rolex",3
2018-02-22,"FR","iPhone",31
2018-02-22,"FR","Tesla",2
2018-02-22,"FR","Rolex",1
2018-02-22,"JP","iPhone",53
2018-02-22,"JP","Tesla",1
2018-02-22,"JP","Rolex",2
2018-02-22,"MX","iPhone",63
2018-02-22,"MX","Tesla",4
2018-02-22,"MX","Rolex",0
2018-02-22,"US","iPhone",47
2018-02-22,"US","Tesla",5
2018-02-22,"US","Rolex",1
2018-02-23,"DE","iPhone",44
2018-02-23,"DE","Tesla",4
2018-02-23,"DE","Rolex",3
2018-02-23,"FR","iPhone",32
2018-02-23,"FR","Tesla",2
2018-02-23,"FR","Rolex",1
2018-02-23,"JP","iPhone",51
2018-02-23,"JP","Tesla",1
2018-02-23,"JP","Rolex",2
2018-02-23,"MX","iPhone",64
2018-02-23,"MX","Tesla",4
2018-02-23,"MX","Rolex",0
2018-02-23,"US","iPhone",47
2018-02-23,"US","Tesla",5
2018-02-23,"US","Rolex",2
2018-02-24,"DE","iPhone",55
2018-02-24,"DE","Tesla",4
2018-02-24,"DE","Rolex",3
2018-02-24,"FR","iPhone",38
2018-02-24,"FR","Tesla",2
2018-02-24,"FR","Rolex",2
2018-02-24,"JP","iPhone",62
2018-02-24,"JP","Tesla",1
2018-02-24,"JP","Rolex",2
2018-02-24,"MX","iPhone",77
2018-02-24,"MX","Tesla",4
2018-02-24,"MX","Rolex",0
2018-02-24,"US","iPhone",55
2018-02-24,"US","Tesla",5
2018-02-24,"US","Rolex",2
2018-02-25,"DE","iPhone",55
2018-02-25,"DE","Tesla",4
2018-02-25,"DE","Rolex",3
2018-02-25,"FR","iPhone",36
2018-02-25,"FR","Tesla",2
2018-02-25,"FR","Rolex",1
2018-02-25,"JP","iPhone",67
2018-02-25,"JP","Tesla",1
2018-02-25,"JP","Rolex",2
2018-02-25,"MX","iPhone",67
2018-02-25,"MX","Tesla",6
2018-02-25,"MX","Rolex",0
2018-02-25,"US","iPhone",54
2018-02-25,"US","Tesla",5
2018-02-25,"US","Rolex",2
2018-02-26,"DE","iPhone",47
2018-02-26,"DE","Tesla",4
2018-02-26,"DE","Rolex",3
2018-02-26,"FR","iPhone",33
2018-02-26,"FR","Tesla",2
2018-02-26,"FR","Rolex",1
2018-02-26,"JP","iPhone",55
2018-02-26,"JP","Tesla",1
2018-02-26,"JP","Rolex",2
2018-02-26,"MX","iPhone",69
2018-02-26,"MX","Tesla",5
2018-02-26,"MX","Rolex",0
2018-02-26,"US","iPhone",49
2018-02-26,"US","Tesla",5
2018-02-26,"US","Rolex",1
2018-02-27,"DE","iPhone",48
2018-02-27,"DE","Tesla",4
2018-02-27,"DE","Rolex",2
2018-02-27,"FR","iPhone",32
2018-02-27,"FR","Tesla",2
2018-02-27,"FR","Rolex",1
2018-02-27,"JP","iPhone",56
2018-02-27,"JP","Tesla",1
2018-02-27,"JP","Rolex",2
2018-02-27,"MX","iPhone",62
2018-02-27,"MX","Tesla",6
2018-02-27,"MX","Rolex",0
2018-02-27,"US","iPhone",47
2018-02-27,"US","Tesla",4
2018-02-27,"US","Rolex",1
2018-02-28,"DE","iPhone",49
2018-02-28,"DE","Tesla",4
2018-02-28,"DE","Rolex",3
2018-02-28,"FR","iPhone",33
2018-02-28,"FR","Tesla",2
2018-02-28,"FR","Rolex",1
2018-02-28,"JP","iPhone",56
2018-02-28,"JP","Tesla",1
2018-02-28,"JP","Rolex",2
2018-02-28,"MX","iPhone",57
2018-02-28,"MX","Tesla",4
2018-02-28,"MX","Rolex",0
2018-02-28,"US","iPhone",44
2018-02-28,"US","Tesla",4
2018-02-28,"US","Rolex",1
2018-03-01,"DE","iPhone",48
2018-03-01,"DE","Tesla",4
2018-03-01,"DE","Rolex",2
2018-03-01,"FR","iPhone",32
2018-03-01,"FR","Tesla",1
2018-03-01,"FR","Rolex",1
2018-03-01,"JP","iPhone",53
2018-03-01,"JP","Tesla",1
2018-03-01,"JP","Rolex",2
2018-03-01,"MX","iPhone",54
2018-03-01,"MX","Tesla",4
2018-03-01,"MX","Rolex",0
2018-03-01,"US","iPhone",43
2018-03-01,"US","Tesla",4
2018-03-01,"US","Rolex",1
2018-03-02,"DE","iPhone",47
2018-03-02,"DE","Tesla",4
2018-03-02,"DE","Rolex",3
2018-03-02,"FR","iPhone",31
2018-03-02,"FR","Tesla",2
2018-03-02,"FR","Rolex",1
2018-03-02,"JP","iPhone",56
2018-03-02,"JP","Tesla",1
2018-03-02,"JP","Rolex",2
2018-03-02,"MX","iPhone",62
2018-03-02,"MX","Tesla",0
2018-03-02,"MX","Rolex",0
2018-03-02,"US","iPhone",45
2018-03-02,"US","Tesla",4
2018-03-02,"US","Rolex",1
2018-03-03,"DE","iPhone",55
2018-03-03,"DE","Tesla",4
2018-03-03,"DE","Rolex",4
2018-03-03,"FR","iPhone",39
2018-03-03,"FR","Tesla",2
2018-03-03,"FR","Rolex",2
2018-03-03,"JP","iPhone",64
2018-03-03,"JP","Tesla",1
2018-03-03,"JP","Rolex",2
2018-03-03,"MX","iPhone",58
2018-03-03,"MX","Tesla",3
2018-03-03,"MX","Rolex",0
2018-03-03,"US","iPhone",51
2018-03-03,"US","Tesla",4
2018-03-03,"US","Rolex",2
2018-03-04,"DE","iPhone",52
2018-03-04,"DE","Tesla",4
2018-03-04,"DE","Rolex",3
2018-03-04,"FR","iPhone",39
2018-03-04,"FR","Tesla",2
2018-03-04,"FR","Rolex",1
2018-03-04,"JP","iPhone",67
2018-03-04,"JP","Tesla",1
2018-03-04,"JP","Rolex",2
2018-03-04,"MX","iPhone",73
2018-03-04,"MX","Tesla",4
2018-03-04,"MX","Rolex",0
2018-03-04,"US","iPhone",50
2018-03-04,"US","Tesla",4
2018-03-04,"US","Rolex",2
2018-03-05,"DE","iPhone",42
2018-03-05,"DE","Tesla",4
2018-03-05,"DE","Rolex",3
2018-03-05,"FR","iPhone",33
2018-03-05,"FR","Tesla",2
2018-03-05,"FR","Rolex",1
2018-03-05,"JP","iPhone",54
2018-03-05,"JP","Tesla",1
2018-03-05,"JP","Rolex",2
2018-03-05,"MX","iPhone",59
2018-03-05,"MX","Tesla",4
2018-03-05,"MX","Rolex",0
2018-03-05,"US","iPhone",45
2018-03-05,"US","Tesla",4
2018-03-05,"US","Rolex",2
2018-03-06,"DE","iPhone",43
2018-03-06,"DE","Tesla",4
2018-03-06,"DE","Rolex",2
2018-03-06,"FR","iPhone",31
2018-03-06,"FR","Tesla",2
2018-03-06,"FR","Rolex",1
2018-03-06,"JP","iPhone",56
2018-03-06,"JP","Tesla",1
2018-03-06,"JP","Rolex",2
2018-03-06,"MX","iPhone",56
2018-03-06,"MX","Tesla",4
2018-03-06,"MX","Rolex",0
2018-03-06,"US","iPhone",44
2018-03-06,"US","Tesla",4
2018-03-06,"US","Rolex",1
2018-03-07,"DE","iPhone",44
2018-03-07,"DE","Tesla",4
2018-03-07,"DE","Rolex",3
2018-03-07,"FR","iPhone",31
2018-03-07,"FR","Tesla",2
2018-03-07,"FR","Rolex",1
2018-03-07,"JP","iPhone",55
2018-03-07,"JP","Tesla",1
2018-03-07,"JP","Rolex",2
2018-03-07,"MX","iPhone",54
2018-03-07,"MX","Tesla",4
2018-03-07,"MX","Rolex",0
2018-03-07,"US","iPhone",44
2018-03-07,"US","Tesla",4
2018-03-07,"US","Rolex",1
2018-03-08,"DE","iPhone",44
2018-03-08,"DE","Tesla",4
2018-03-08,"DE","Rolex",3
2018-03-08,"FR","iPhone",32
2018-03-08,"FR","Tesla",2
2018-03-08,"FR","Rolex",1
2018-03-08,"JP","iPhone",53
2018-03-08,"JP","Tesla",1
2018-03-08,"JP","Rolex",2
2018-03-08,"MX","iPhone",48
2018-03-08,"MX","Tesla",3
2018-03-08,"MX","Rolex",0
2018-03-08,"US","iPhone",43
2018-03-08,"US","Tesla",5
2018-03-08,"US","Rolex",1
2018-03-09,"DE","iPhone",46
2018-03-09,"DE","Tesla",4
2018-03-09,"DE","Rolex",3
2018-03-09,"FR","iPhone",32
2018-03-09,"FR","Tesla",2
2018-03-09,"FR","Rolex",1
2018-03-09,"JP","iPhone",54
2018-03-09,"JP","Tesla",1
2018-03-09,"JP","Rolex",2
2018-03-09,"MX","iPhone",57
2018-03-09,"MX","Tesla",4
2018-03-09,"MX","Rolex",0
2018-03-09,"US","iPhone",43
2018-03-09,"US","Tesla",5
2018-03-09,"US","Rolex",1
2018-03-10,"DE","iPhone",50
2018-03-10,"DE","Tesla",4
2018-03-10,"DE","Rolex",3
2018-03-10,"FR","iPhone",38
2018-03-10,"FR","Tesla",2
2018-03-10,"FR","Rolex",2
2018-03-10,"JP","iPhone",63
2018-03-10,"JP","Tesla",1
2018-03-10,"JP","Rolex",2
2018-03-10,"MX","iPhone",70
2018-03-10,"MX","Tesla",5
2018-03-10,"MX","Rolex",6
2018-03-10,"US","iPhone",51
2018-03-10,"US","Tesla",4
2018-03-10,"US","Rolex",2
2018-03-11,"DE","iPhone",48
2018-03-11,"DE","Tesla",4
2018-03-11,"DE","Rolex",3
2018-03-11,"FR","iPhone",36
2018-03-11,"FR","Tesla",2
2018-03-11,"FR","Rolex",2
2018-03-11,"JP","iPhone",69
2018-03-11,"JP","Tesla",1
2018-03-11,"JP","Rolex",2
2018-03-11,"MX","iPhone",73
2018-03-11,"MX","Tesla",3
2018-03-11,"MX","Rolex",0
2018-03-11,"US","iPhone",53
2018-03-11,"US","Tesla",5
2018-03-11,"US","Rolex",2
2018-03-12,"DE","iPhone",44
2018-03-12,"DE","Tesla",4
2018-03-12,"DE","Rolex",2
2018-03-12,"FR","iPhone",30
2018-03-12,"FR","Tesla",2
2018-03-12,"FR","Rolex",1
2018-03-12,"JP","iPhone",57
2018-03-12,"JP","Tesla",1
2018-03-12,"JP","Rolex",2
2018-03-12,"MX","iPhone",58
2018-03-12,"MX","Tesla",3
2018-03-12,"MX","Rolex",0
2018-03-12,"US","iPhone",44
2018-03-12,"US","Tesla",4
2018-03-12,"US","Rolex",1
2018-03-13,"DE","iPhone",42
2018-03-13,"DE","Tesla",4
2018-03-13,"DE","Rolex",2
2018-03-13,"FR","iPhone",30
2018-03-13,"FR","Tesla",2
2018-03-13,"FR","Rolex",1
2018-03-13,"JP","iPhone",55
2018-03-13,"JP","Tesla",1
2018-03-13,"JP","Rolex",2
2018-03-13,"MX","iPhone",47
2018-03-13,"MX","Tesla",3
2018-03-13,"MX","Rolex",0
2018-03-13,"US","iPhone",45
2018-03-13,"US","Tesla",5
2018-03-13,"US","Rolex",1
2018-03-14,"DE","iPhone",43
2018-03-14,"DE","Tesla",4
2018-03-14,"DE","Rolex",3
2018-03-14,"FR","iPhone",33
2018-03-14,"FR","Tesla",2
2018-03-14,"FR","Rolex",1
2018-03-14,"JP","iPhone",55
2018-03-14,"JP","Tesla",1
2018-03-14,"JP","Rolex",2
2018-03-14,"MX","iPhone",50
2018-03-14,"MX","Tesla",4
2018-03-14,"MX","Rolex",3
2018-03-14,"US","iPhone",42
2018-03-14,"US","Tesla",4
2018-03-14,"US","Rolex",1
2018-03-15,"DE","iPhone",43
2018-03-15,"DE","Tesla",4
2018-03-15,"DE","Rolex",2
2018-03-15,"FR","iPhone",30
2018-03-15,"FR","Tesla",2
2018-03-15,"FR","Rolex",1
2018-03-15,"JP","iPhone",57
2018-03-15,"JP","Tesla",1
2018-03-15,"JP","Rolex",2
2018-03-15,"MX","iPhone",48
2018-03-15,"MX","Tesla",5
2018-03-15,"MX","Rolex",0
2018-03-15,"US","iPhone",44
2018-03-15,"US","Tesla",4
2018-03-15,"US","Rolex",1
2018-03-16,"DE","iPhone",44
2018-03-16,"DE","Tesla",4
2018-03-16,"DE","Rolex",3
2018-03-16,"FR","iPhone",33
2018-03-16,"FR","Tesla",2
2018-03-16,"FR","Rolex",1
2018-03-16,"JP","iPhone",53
2018-03-16,"JP","Tesla",1
2018-03-16,"JP","Rolex",2
2018-03-16,"MX","iPhone",53
2018-03-16,"MX","Tesla",0
2018-03-16,"MX","Rolex",0
2018-03-16,"US","iPhone",44
2018-03-16,"US","Tesla",4
2018-03-16,"US","Rolex",1
2018-03-17,"DE","iPhone",50
2018-03-17,"DE","Tesla",3
2018-03-17,"DE","Rolex",3
2018-03-17,"FR","iPhone",40
2018-03-17,"FR","Tesla",2
2018-03-17,"FR","Rolex",2
2018-03-17,"JP","iPhone",63
2018-03-17,"JP","Tesla",1
2018-03-17,"JP","Rolex",2
2018-03-17,"MX","iPhone",73
2018-03-17,"MX","Tesla",5
2018-03-17,"MX","Rolex",0
2018-03-17,"US","iPhone",51
2018-03-17,"US","Tesla",4
2018-03-17,"US","Rolex",2
2018-03-18,"DE","iPhone",49
2018-03-18,"DE","Tesla",4
2018-03-18,"DE","Rolex",3
2018-03-18,"FR","iPhone",39
2018-03-18,"FR","Tesla",2
2018-03-18,"FR","Rolex",2
2018-03-18,"JP","iPhone",69
2018-03-18,"JP","Tesla",1
2018-03-18,"JP","Rolex",2
2018-03-18,"MX","iPhone",77
2018-03-18,"MX","Tesla",0
2018-03-18,"MX","Rolex",0
2018-03-18,"US","iPhone",52
2018-03-18,"US","Tesla",4
2018-03-18,"US","Rolex",2
2018-03-19,"DE","iPhone",42
2018-03-19,"DE","Tesla",3
2018-03-19,"DE","Rolex",2
2018-03-19,"FR","iPhone",31
2018-03-19,"FR","Tesla",2
2018-03-19,"FR","Rolex",1
2018-03-19,"JP","iPhone",58
2018-03-19,"JP","Tesla",1
2018-03-19,"JP","Rolex",2
2018-03-19,"MX","iPhone",73
2018-03-19,"MX","Tesla",4
2018-03-19,"MX","Rolex",0
2018-03-19,"US","iPhone",44
2018-03-19,"US","Tesla",4
2018-03-19,"US","Rolex",1
2018-03-20,"DE","iPhone",44
2018-03-20,"DE","Tesla",4
2018-03-20,"DE","Rolex",3
2018-03-20,"FR","iPhone",30
2018-03-20,"FR","Tesla",2
2018-03-20,"FR","Rolex",1
2018-03-20,"JP","iPhone",54
2018-03-20,"JP","Tesla",1
2018-03-20,"JP","Rolex",2
2018-03-20,"MX","iPhone",57
2018-03-20,"MX","Tesla",3
2018-03-20,"MX","Rolex",0
2018-03-20,"US","iPhone",47
2018-03-20,"US","Tesla",4
2018-03-20,"US","Rolex",1
2018-03-21,"DE","iPhone",44
2018-03-21,"DE","Tesla",4
2018-03-21,"DE","Rolex",4
2018-03-21,"FR","iPhone",32
2018-03-21,"FR","Tesla",2
2018-03-21,"FR","Rolex",2
2018-03-21,"JP","iPhone",68
2018-03-21,"JP","Tesla",1
2018-03-21,"JP","Rolex",3
2018-03-21,"MX","iPhone",60
2018-03-21,"MX","Tesla",4
2018-03-21,"MX","Rolex",2
2018-03-21,"US","iPhone",46
2018-03-21,"US","Tesla",5
2018-03-21,"US","Rolex",2
2018-03-22,"DE","iPhone",44
2018-03-22,"DE","Tesla",4
2018-03-22,"DE","Rolex",4
2018-03-22,"FR","iPhone",29
2018-03-22,"FR","Tesla",2
2018-03-22,"FR","Rolex",2
2018-03-22,"JP","iPhone",52
2018-03-22,"JP","Tesla",1
2018-03-22,"JP","Rolex",3
2018-03-22,"MX","iPhone",55
2018-03-22,"MX","Tesla",5
2018-03-22,"MX","Rolex",4
2018-03-22,"US","iPhone",45
2018-03-22,"US","Tesla",4
2018-03-22,"US","Rolex",2
2018-03-23,"DE","iPhone",46
2018-03-23,"DE","Tesla",4
2018-03-23,"DE","Rolex",3
2018-03-23,"FR","iPhone",31
2018-03-23,"FR","Tesla",2
2018-03-23,"FR","Rolex",2
2018-03-23,"JP","iPhone",56
2018-03-23,"JP","Tesla",1
2018-03-23,"JP","Rolex",2
2018-03-23,"MX","iPhone",53
2018-03-23,"MX","Tesla",3
2018-03-23,"MX","Rolex",0
2018-03-23,"US","iPhone",43
2018-03-23,"US","Tesla",5
2018-03-23,"US","Rolex",2
2018-03-24,"DE","iPhone",55
2018-03-24,"DE","Tesla",4
2018-03-24,"DE","Rolex",4
2018-03-24,"FR","iPhone",38
2018-03-24,"FR","Tesla",2
2018-03-24,"FR","Rolex",2
2018-03-24,"JP","iPhone",60
2018-03-24,"JP","Tesla",1
2018-03-24,"JP","Rolex",2
2018-03-24,"MX","iPhone",67
2018-03-24,"MX","Tesla",5
2018-03-24,"MX","Rolex",0
2018-03-24,"US","iPhone",51
2018-03-24,"US","Tesla",5
2018-03-24,"US","Rolex",2
2018-03-25,"DE","iPhone",50
2018-03-25,"DE","Tesla",4
2018-03-25,"DE","Rolex",4
2018-03-25,"FR","iPhone",39
2018-03-25,"FR","Tesla",2
2018-03-25,"FR","Rolex",2
2018-03-25,"JP","iPhone",67
2018-03-25,"JP","Tesla",1
2018-03-25,"JP","Rolex",2
2018-03-25,"MX","iPhone",77
2018-03-25,"MX","Tesla",0
2018-03-25,"MX","Rolex",0
2018-03-25,"US","iPhone",52
2018-03-25,"US","Tesla",4
2018-03-25,"US","Rolex",2
2018-03-26,"DE","iPhone",43
2018-03-26,"DE","Tesla",4
2018-03-26,"DE","Rolex",3
2018-03-26,"FR","iPhone",30
2018-03-26,"FR","Tesla",2
2018-03-26,"FR","Rolex",1
2018-03-26,"JP","iPhone",58
2018-03-26,"JP","Tesla",1
2018-03-26,"JP","Rolex",2
2018-03-26,"MX","iPhone",67
2018-03-26,"MX","Tesla",0
2018-03-26,"MX","Rolex",0
2018-03-26,"US","iPhone",46
2018-03-26,"US","Tesla",5
2018-03-26,"US","Rolex",1
2018-03-27,"DE","iPhone",46
2018-03-27,"DE","Tesla",4
2018-03-27,"DE","Rolex",3
2018-03-27,"FR","iPhone",30
2018-03-27,"FR","Tesla",2
2018-03-27,"FR","Rolex",1
2018-03-27,"JP","iPhone",61
2018-03-27,"JP","Tesla",1
2018-03-27,"JP","Rolex",2
2018-03-27,"MX","iPhone",71
2018-03-27,"MX","Tesla",0
2018-03-27,"MX","Rolex",3
2018-03-27,"US","iPhone",48
2018-03-27,"US","Tesla",6
2018-03-27,"US","Rolex",1
2018-03-28,"DE","iPhone",46
2018-03-28,"DE","Tesla",7
2018-03-28,"DE","Rolex",3
2018-03-28,"FR","iPhone",31
2018-03-28,"FR","Tesla",2
2018-03-28,"FR","Rolex",1
2018-03-28,"JP","iPhone",60
2018-03-28,"JP","Tesla",1
2018-03-28,"JP","Rolex",2
2018-03-28,"MX","iPhone",62
2018-03-28,"MX","Tesla",0
2018-03-28,"MX","Rolex",0
2018-03-28,"US","iPhone",44
2018-03-28,"US","Tesla",8
2018-03-28,"US","Rolex",1
2018-03-29,"DE","iPhone",44
2018-03-29,"DE","Tesla",7
2018-03-29,"DE","Rolex",3
2018-03-29,"FR","iPhone",30
2018-03-29,"FR","Tesla",3
2018-03-29,"FR","Rolex",1
2018-03-29,"JP","iPhone",58
2018-03-29,"JP","Tesla",1
2018-03-29,"JP","Rolex",2
2018-03-29,"MX","iPhone",60
2018-03-29,"MX","Tesla",0
2018-03-29,"MX","Rolex",0
2018-03-29,"US","iPhone",46
2018-03-29,"US","Tesla",8
2018-03-29,"US","Rolex",1
2018-03-30,"DE","iPhone",51
2018-03-30,"DE","Tesla",9
2018-03-30,"DE","Rolex",4
2018-03-30,"FR","iPhone",29
2018-03-30,"FR","Tesla",3
2018-03-30,"FR","Rolex",1
2018-03-30,"JP","iPhone",57
2018-03-30,"JP","Tesla",2
2018-03-30,"JP","Rolex",2
2018-03-30,"MX","iPhone",67
2018-03-30,"MX","Tesla",0
2018-03-30,"MX","Rolex",0
2018-03-30,"US","iPhone",47
2018-03-30,"US","Tesla",7
2018-03-30,"US","Rolex",2
2018-03-31,"DE","iPhone",48
2018-03-31,"DE","Tesla",5
2018-03-31,"DE","Rolex",4
2018-03-31,"FR","iPhone",36
2018-03-31,"FR","Tesla",3
2018-03-31,"FR","Rolex",2
2018-03-31,"JP","iPhone",66
2018-03-31,"JP","Tesla",1
2018-03-31,"JP","Rolex",2
2018-03-31,"MX","iPhone",62
2018-03-31,"MX","Tesla",0
2018-03-31,"MX","Rolex",0
2018-03-31,"US","iPhone",52
2018-03-31,"US","Tesla",7
2018-03-31,"US","Rolex",2
2018-04-01,"DE","iPhone",56
2018-04-01,"DE","Tesla",5
2018-04-01,"DE","Rolex",4
2018-04-01,"FR","iPhone",38
2018-04-01,"FR","Tesla",3
2018-04-01,"FR","Rolex",2
2018-04-01,"JP","iPhone",66
2018-04-01,"JP","Tesla",1
2018-04-01,"JP","Rolex",2
2018-04-01,"MX","iPhone",71
2018-04-01,"MX","Tesla",5
2018-04-01,"MX","Rolex",0
2018-04-01,"US","iPhone",52
2018-04-01,"US","Tesla",7
2018-04-01,"US","Rolex",2
2018-04-02,"DE","iPhone",50
2018-04-02,"DE","Tesla",8
2018-04-02,"DE","Rolex",3
2018-04-02,"FR","iPhone",37
2018-04-02,"FR","Tesla",3
2018-04-02,"FR","Rolex",2
2018-04-02,"JP","iPhone",58
2018-04-02,"JP","Tesla",2
2018-04-02,"JP","Rolex",2
2018-04-02,"MX","iPhone",64
2018-04-02,"MX","Tesla",3
2018-04-02,"MX","Rolex",0
2018-04-02,"US","iPhone",47
2018-04-02,"US","Tesla",8
2018-04-02,"US","Rolex",1
2018-04-03,"DE","iPhone",44
2018-04-03,"DE","Tesla",10
2018-04-03,"DE","Rolex",3
2018-04-03,"FR","iPhone",30
2018-04-03,"FR","Tesla",3
2018-04-03,"FR","Rolex",1
2018-04-03,"JP","iPhone",57
2018-04-03,"JP","Tesla",2
2018-04-03,"JP","Rolex",2
2018-04-03,"MX","iPhone",59
2018-04-03,"MX","Tesla",5
2018-04-03,"MX","Rolex",4
2018-04-03,"US","iPhone",42
2018-04-03,"US","Tesla",7
2018-04-03,"US","Rolex",1
2018-04-04,"DE","iPhone",45
2018-04-04,"DE","Tesla",6
2018-04-04,"DE","Rolex",3
2018-04-04,"FR","iPhone",31
2018-04-04,"FR","Tesla",2
2018-04-04,"FR","Rolex",1
2018-04-04,"JP","iPhone",53
2018-04-04,"JP","Tesla",1
2018-04-04,"JP","Rolex",2
2018-04-04,"MX","iPhone",64
2018-04-04,"MX","Tesla",4
2018-04-04,"MX","Rolex",3
2018-04-04,"US","iPhone",42
2018-04-04,"US","Tesla",6
2018-04-04,"US","Rolex",1
2018-04-05,"DE","iPhone",42
2018-04-05,"DE","Tesla",5
2018-04-05,"DE","Rolex",3
2018-04-05,"FR","iPhone",28
2018-04-05,"FR","Tesla",2
2018-04-05,"FR","Rolex",1
2018-04-05,"JP","iPhone",51
2018-04-05,"JP","Tesla",1
2018-04-05,"JP","Rolex",2
2018-04-05,"MX","iPhone",64
2018-04-05,"MX","Tesla",3
2018-04-05,"MX","Rolex",0
2018-04-05,"US","iPhone",42
2018-04-05,"US","Tesla",6
2018-04-05,"US","Rolex",1
2018-04-06,"DE","iPhone",42
2018-04-06,"DE","Tesla",5
2018-04-06,"DE","Rolex",3
2018-04-06,"FR","iPhone",26
2018-04-06,"FR","Tesla",2
2018-04-06,"FR","Rolex",1
2018-04-06,"JP","iPhone",53
2018-04-06,"JP","Tesla",1
2018-04-06,"JP","Rolex",2
2018-04-06,"MX","iPhone",61
2018-04-06,"MX","Tesla",4
2018-04-06,"MX","Rolex",0
2018-04-06,"US","iPhone",43
2018-04-06,"US","Tesla",5
2018-04-06,"US","Rolex",1
2018-04-07,"DE","iPhone",43
2018-04-07,"DE","Tesla",4
2018-04-07,"DE","Rolex",3
2018-04-07,"FR","iPhone",35
2018-04-07,"FR","Tesla",2
2018-04-07,"FR","Rolex",2
2018-04-07,"JP","iPhone",61
2018-04-07,"JP","Tesla",1
2018-04-07,"JP","Rolex",2
2018-04-07,"MX","iPhone",67
2018-04-07,"MX","Tesla",6
2018-04-07,"MX","Rolex",0
2018-04-07,"US","iPhone",49
2018-04-07,"US","Tesla",5
2018-04-07,"US","Rolex",2
2018-04-08,"DE","iPhone",45
2018-04-08,"DE","Tesla",4
2018-04-08,"DE","Rolex",3
2018-04-08,"FR","iPhone",36
2018-04-08,"FR","Tesla",2
2018-04-08,"FR","Rolex",2
2018-04-08,"JP","iPhone",63
2018-04-08,"JP","Tesla",1
2018-04-08,"JP","Rolex",2
2018-04-08,"MX","iPhone",75
2018-04-08,"MX","Tesla",4
2018-04-08,"MX","Rolex",0
2018-04-08,"US","iPhone",50
2018-04-08,"US","Tesla",4
2018-04-08,"US","Rolex",2
2018-04-09,"DE","iPhone",42
2018-04-09,"DE","Tesla",4
2018-04-09,"DE","Rolex",2
2018-04-09,"FR","iPhone",29
2018-04-09,"FR","Tesla",2
2018-04-09,"FR","Rolex",1
2018-04-09,"JP","iPhone",56
2018-04-09,"JP","Tesla",1
2018-04-09,"JP","Rolex",2
2018-04-09,"MX","iPhone",60
2018-04-09,"MX","Tesla",0
2018-04-09,"MX","Rolex",0
2018-04-09,"US","iPhone",45
2018-04-09,"US","Tesla",5
2018-04-09,"US","Rolex",1
2018-04-10,"DE","iPhone",43
2018-04-10,"DE","Tesla",4
2018-04-10,"DE","Rolex",3
2018-04-10,"FR","iPhone",30
2018-04-10,"FR","Tesla",2
2018-04-10,"FR","Rolex",1
2018-04-10,"JP","iPhone",55
2018-04-10,"JP","Tesla",1
2018-04-10,"JP","Rolex",2
2018-04-10,"MX","iPhone",53
2018-04-10,"MX","Tesla",6
2018-04-10,"MX","Rolex",0
2018-04-10,"US","iPhone",45
2018-04-10,"US","Tesla",5
2018-04-10,"US","Rolex",1
2018-04-11,"DE","iPhone",43
2018-04-11,"DE","Tesla",4
2018-04-11,"DE","Rolex",3
2018-04-11,"FR","iPhone",30
2018-04-11,"FR","Tesla",2
2018-04-11,"FR","Rolex",1
2018-04-11,"JP","iPhone",53
2018-04-11,"JP","Tesla",1
2018-04-11,"JP","Rolex",2
2018-04-11,"MX","iPhone",55
2018-04-11,"MX","Tesla",0
2018-04-11,"MX","Rolex",3
2018-04-11,"US","iPhone",43
2018-04-11,"US","Tesla",5
2018-04-11,"US","Rolex",1
2018-04-12,"DE","iPhone",42
2018-04-12,"DE","Tesla",4
2018-04-12,"DE","Rolex",2
2018-04-12,"FR","iPhone",29
2018-04-12,"FR","Tesla",2
2018-04-12,"FR","Rolex",1
2018-04-12,"JP","iPhone",56
2018-04-12,"JP","Tesla",1
2018-04-12,"JP","Rolex",2
2018-04-12,"MX","iPhone",55
2018-04-12,"MX","Tesla",3
2018-04-12,"MX","Rolex",0
2018-04-12,"US","iPhone",41
2018-04-12,"US","Tesla",5
2018-04-12,"US","Rolex",1
2018-04-13,"DE","iPhone",43
2018-04-13,"DE","Tesla",4
2018-04-13,"DE","Rolex",3
2018-04-13,"FR","iPhone",31
2018-04-13,"FR","Tesla",2
2018-04-13,"FR","Rolex",2
2018-04-13,"JP","iPhone",51
2018-04-13,"JP","Tesla",1
2018-04-13,"JP","Rolex",2
2018-04-13,"MX","iPhone",56
2018-04-13,"MX","Tesla",4
2018-04-13,"MX","Rolex",0
2018-04-13,"US","iPhone",46
2018-04-13,"US","Tesla",5
2018-04-13,"US","Rolex",1
2018-04-14,"DE","iPhone",48
2018-04-14,"DE","Tesla",3
2018-04-14,"DE","Rolex",3
2018-04-14,"FR","iPhone",37
2018-04-14,"FR","Tesla",2
2018-04-14,"FR","Rolex",2
2018-04-14,"JP","iPhone",59
2018-04-14,"JP","Tesla",1
2018-04-14,"JP","Rolex",2
2018-04-14,"MX","iPhone",59
2018-04-14,"MX","Tesla",0
2018-04-14,"MX","Rolex",0
2018-04-14,"US","iPhone",49
2018-04-14,"US","Tesla",5
2018-04-14,"US","Rolex",2
2018-04-15,"DE","iPhone",48
2018-04-15,"DE","Tesla",3
2018-04-15,"DE","Rolex",3
2018-04-15,"FR","iPhone",35
2018-04-15,"FR","Tesla",2
2018-04-15,"FR","Rolex",2
2018-04-15,"JP","iPhone",61
2018-04-15,"JP","Tesla",1
2018-04-15,"JP","Rolex",2
2018-04-15,"MX","iPhone",67
2018-04-15,"MX","Tesla",6
2018-04-15,"MX","Rolex",0
2018-04-15,"US","iPhone",50
2018-04-15,"US","Tesla",4
2018-04-15,"US","Rolex",2
2018-04-16,"DE","iPhone",42
2018-04-16,"DE","Tesla",4
2018-04-16,"DE","Rolex",2
2018-04-16,"FR","iPhone",31
2018-04-16,"FR","Tesla",2
2018-04-16,"FR","Rolex",2
2018-04-16,"JP","iPhone",54
2018-04-16,"JP","Tesla",1
2018-04-16,"JP","Rolex",2
2018-04-16,"MX","iPhone",57
2018-04-16,"MX","Tesla",0
2018-04-16,"MX","Rolex",0
2018-04-16,"US","iPhone",45
2018-04-16,"US","Tesla",5
2018-04-16,"US","Rolex",1
2018-04-17,"DE","iPhone",40
2018-04-17,"DE","Tesla",6
2018-04-17,"DE","Rolex",3
2018-04-17,"FR","iPhone",27
2018-04-17,"FR","Tesla",2
2018-04-17,"FR","Rolex",2
2018-04-17,"JP","iPhone",50
2018-04-17,"JP","Tesla",1
2018-04-17,"JP","Rolex",2
2018-04-17,"MX","iPhone",60
2018-04-17,"MX","Tesla",0
2018-04-17,"MX","Rolex",0
2018-04-17,"US","iPhone",44
2018-04-17,"US","Tesla",6
2018-04-17,"US","Rolex",1
2018-04-18,"DE","iPhone",40
2018-04-18,"DE","Tesla",5
2018-04-18,"DE","Rolex",3
2018-04-18,"FR","iPhone",29
2018-04-18,"FR","Tesla",2
2018-04-18,"FR","Rolex",1
2018-04-18,"JP","iPhone",51
2018-04-18,"JP","Tesla",1
2018-04-18,"JP","Rolex",2
2018-04-18,"MX","iPhone",54
2018-04-18,"MX","Tesla",4
2018-04-18,"MX","Rolex",0
2018-04-18,"US","iPhone",42
2018-04-18,"US","Tesla",5
2018-04-18,"US","Rolex",1
2018-04-19,"DE","iPhone",41
2018-04-19,"DE","Tesla",4
2018-04-19,"DE","Rolex",3
2018-04-19,"FR","iPhone",27
2018-04-19,"FR","Tesla",2
2018-04-19,"FR","Rolex",2
2018-04-19,"JP","iPhone",53
2018-04-19,"JP","Tesla",1
2018-04-19,"JP","Rolex",2
2018-04-19,"MX","iPhone",53
2018-04-19,"MX","Tesla",0
2018-04-19,"MX","Rolex",0
2018-04-19,"US","iPhone",43
2018-04-19,"US","Tesla",5
2018-04-19,"US","Rolex",1
2018-04-20,"DE","iPhone",39
2018-04-20,"DE","Tesla",4
2018-04-20,"DE","Rolex",3
2018-04-20,"FR","iPhone",25
2018-04-20,"FR","Tesla",2
2018-04-20,"FR","Rolex",2
2018-04-20,"JP","iPhone",49
2018-04-20,"JP","Tesla",1
2018-04-20,"JP","Rolex",2
2018-04-20,"MX","iPhone",55
2018-04-20,"MX","Tesla",4
2018-04-20,"MX","Rolex",0
2018-04-20,"US","iPhone",43
2018-04-20,"US","Tesla",4
2018-04-20,"US","Rolex",2
2018-04-21,"DE","iPhone",44
2018-04-21,"DE","Tesla",3
2018-04-21,"DE","Rolex",4
2018-04-21,"FR","iPhone",28
2018-04-21,"FR","Tesla",2
2018-04-21,"FR","Rolex",2
2018-04-21,"JP","iPhone",56
2018-04-21,"JP","Tesla",1
2018-04-21,"JP","Rolex",2
2018-04-21,"MX","iPhone",65
2018-04-21,"MX","Tesla",0
2018-04-21,"MX","Rolex",0
2018-04-21,"US","iPhone",49
2018-04-21,"US","Tesla",5
2018-04-21,"US","Rolex",2
2018-04-22,"DE","iPhone",46
2018-04-22,"DE","Tesla",4
2018-04-22,"DE","Rolex",3
2018-04-22,"FR","iPhone",32
2018-04-22,"FR","Tesla",1
2018-04-22,"FR","Rolex",2
2018-04-22,"JP","iPhone",59
2018-04-22,"JP","Tesla",1
2018-04-22,"JP","Rolex",2
2018-04-22,"MX","iPhone",68
2018-04-22,"MX","Tesla",4
2018-04-22,"MX","Rolex",0
2018-04-22,"US","iPhone",49
2018-04-22,"US","Tesla",4
2018-04-22,"US","Rolex",2
2018-04-23,"DE","iPhone",42
2018-04-23,"DE","Tesla",4
2018-04-23,"DE","Rolex",3
2018-04-23,"FR","iPhone",29
2018-04-23,"FR","Tesla",2
2018-04-23,"FR","Rolex",1
2018-04-23,"JP","iPhone",48
2018-04-23,"JP","Tesla",1
2018-04-23,"JP","Rolex",2
2018-04-23,"MX","iPhone",52
2018-04-23,"MX","Tesla",0
2018-04-23,"MX","Rolex",0
2018-04-23,"US","iPhone",45
2018-04-23,"US","Tesla",5
2018-04-23,"US","Rolex",1
2018-04-24,"DE","iPhone",42
2018-04-24,"DE","Tesla",4
2018-04-24,"DE","Rolex",3
2018-04-24,"FR","iPhone",28
2018-04-24,"FR","Tesla",1
2018-04-24,"FR","Rolex",1
2018-04-24,"JP","iPhone",51
2018-04-24,"JP","Tesla",1
2018-04-24,"JP","Rolex",2
2018-04-24,"MX","iPhone",57
2018-04-24,"MX","Tesla",2
2018-04-24,"MX","Rolex",4
2018-04-24,"US","iPhone",41
2018-04-24,"US","Tesla",4
2018-04-24,"US","Rolex",1
2018-04-25,"DE","iPhone",41
2018-04-25,"DE","Tesla",3
2018-04-25,"DE","Rolex",3
2018-04-25,"FR","iPhone",30
2018-04-25,"FR","Tesla",2
2018-04-25,"FR","Rolex",1
2018-04-25,"JP","iPhone",48
2018-04-25,"JP","Tesla",1
2018-04-25,"JP","Rolex",2
2018-04-25,"MX","iPhone",51
2018-04-25,"MX","Tesla",4
2018-04-25,"MX","Rolex",2
2018-04-25,"US","iPhone",41
2018-04-25,"US","Tesla",4
2018-04-25,"US","Rolex",1
2018-04-26,"DE","iPhone",44
2018-04-26,"DE","Tesla",3
2018-04-26,"DE","Rolex",2
2018-04-26,"FR","iPhone",28
2018-04-26,"FR","Tesla",1
2018-04-26,"FR","Rolex",1
2018-04-26,"JP","iPhone",50
2018-04-26,"JP","Tesla",1
2018-04-26,"JP","Rolex",2
2018-04-26,"MX","iPhone",57
2018-04-26,"MX","Tesla",3
2018-04-26,"MX","Rolex",0
2018-04-26,"US","iPhone",40
2018-04-26,"US","Tesla",5
2018-04-26,"US","Rolex",1
2018-04-27,"DE","iPhone",42
2018-04-27,"DE","Tesla",4
2018-04-27,"DE","Rolex",3
2018-04-27,"FR","iPhone",31
2018-04-27,"FR","Tesla",2
2018-04-27,"FR","Rolex",1
2018-04-27,"JP","iPhone",50
2018-04-27,"JP","Tesla",1
2018-04-27,"JP","Rolex",2
2018-04-27,"MX","iPhone",56
2018-04-27,"MX","Tesla",3
2018-04-27,"MX","Rolex",0
2018-04-27,"US","iPhone",41
2018-04-27,"US","Tesla",4
2018-04-27,"US","Rolex",2
2018-04-28,"DE","iPhone",48
2018-04-28,"DE","Tesla",3
2018-04-28,"DE","Rolex",3
2018-04-28,"FR","iPhone",37
2018-04-28,"FR","Tesla",2
2018-04-28,"FR","Rolex",2
2018-04-28,"JP","iPhone",58
2018-04-28,"JP","Tesla",1
2018-04-28,"JP","Rolex",2
2018-04-28,"MX","iPhone",62
2018-04-28,"MX","Tesla",5
2018-04-28,"MX","Rolex",0
2018-04-28,"US","iPhone",48
2018-04-28,"US","Tesla",4
2018-04-28,"US","Rolex",2
2018-04-29,"DE","iPhone",50
2018-04-29,"DE","Tesla",3
2018-04-29,"DE","Rolex",3
2018-04-29,"FR","iPhone",34
2018-04-29,"FR","Tesla",2
2018-04-29,"FR","Rolex",2
2018-04-29,"JP","iPhone",57
2018-04-29,"JP","Tesla",1
2018-04-29,"JP","Rolex",2
2018-04-29,"MX","iPhone",67
2018-04-29,"MX","Tesla",5
2018-04-29,"MX","Rolex",0
2018-04-29,"US","iPhone",49
2018-04-29,"US","Tesla",4
2018-04-29,"US","Rolex",2
2018-04-30,"DE","iPhone",42
2018-04-30,"DE","Tesla",4
2018-04-30,"DE","Rolex",3
2018-04-30,"FR","iPhone",31
2018-04-30,"FR","Tesla",2
2018-04-30,"FR","Rolex",1
2018-04-30,"JP","iPhone",58
2018-04-30,"JP","Tesla",1
2018-04-30,"JP","Rolex",2
2018-04-30,"MX","iPhone",62
2018-04-30,"MX","Tesla",3
2018-04-30,"MX","Rolex",3
2018-04-30,"US","iPhone",42
2018-04-30,"US","Tesla",4
2018-04-30,"US","Rolex",1
2018-05-01,"DE","iPhone",47
2018-05-01,"DE","Tesla",3
2018-05-01,"DE","Rolex",3
2018-05-01,"FR","iPhone",35
2018-05-01,"FR","Tesla",1
2018-05-01,"FR","Rolex",1
2018-05-01,"JP","iPhone",52
2018-05-01,"JP","Tesla",1
2018-05-01,"JP","Rolex",2
2018-05-01,"MX","iPhone",63
2018-05-01,"MX","Tesla",4
2018-05-01,"MX","Rolex",0
2018-05-01,"US","iPhone",41
2018-05-01,"US","Tesla",4
2018-05-01,"US","Rolex",1
2018-05-02,"DE","iPhone",43
2018-05-02,"DE","Tesla",4
2018-05-02,"DE","Rolex",3
2018-05-02,"FR","iPhone",32
2018-05-02,"FR","Tesla",2
2018-05-02,"FR","Rolex",1
2018-05-02,"JP","iPhone",53
2018-05-02,"JP","Tesla",1
2018-05-02,"JP","Rolex",2
2018-05-02,"MX","iPhone",58
2018-05-02,"MX","Tesla",4
2018-05-02,"MX","Rolex",0
2018-05-02,"US","iPhone",41
2018-05-02,"US","Tesla",7
2018-05-02,"US","Rolex",1
2018-05-03,"DE","iPhone",43
2018-05-03,"DE","Tesla",8
2018-05-03,"DE","Rolex",3
2018-05-03,"FR","iPhone",31
2018-05-03,"FR","Tesla",2
2018-05-03,"FR","Rolex",1
2018-05-03,"JP","iPhone",57
2018-05-03,"JP","Tesla",1
2018-05-03,"JP","Rolex",2
2018-05-03,"MX","iPhone",53
2018-05-03,"MX","Tesla",6
2018-05-03,"MX","Rolex",0
2018-05-03,"US","iPhone",41
2018-05-03,"US","Tesla",8
2018-05-03,"US","Rolex",1
2018-05-04,"DE","iPhone",44
2018-05-04,"DE","Tesla",5
2018-05-04,"DE","Rolex",3
2018-05-04,"FR","iPhone",29
2018-05-04,"FR","Tesla",2
2018-05-04,"FR","Rolex",1
2018-05-04,"JP","iPhone",55
2018-05-04,"JP","Tesla",1
2018-05-04,"JP","Rolex",2
2018-05-04,"MX","iPhone",59
2018-05-04,"MX","Tesla",4
2018-05-04,"MX","Rolex",0
2018-05-04,"US","iPhone",43
2018-05-04,"US","Tesla",6
2018-05-04,"US","Rolex",2
2018-05-05,"DE","iPhone",47
2018-05-05,"DE","Tesla",4
2018-05-05,"DE","Rolex",3
2018-05-05,"FR","iPhone",38
2018-05-05,"FR","Tesla",2
2018-05-05,"FR","Rolex",2
2018-05-05,"JP","iPhone",57
2018-05-05,"JP","Tesla",1
2018-05-05,"JP","Rolex",2
2018-05-05,"MX","iPhone",76
2018-05-05,"MX","Tesla",4
2018-05-05,"MX","Rolex",0
2018-05-05,"US","iPhone",46
2018-05-05,"US","Tesla",5
2018-05-05,"US","Rolex",2
2018-05-06,"DE","iPhone",48
2018-05-06,"DE","Tesla",4
2018-05-06,"DE","Rolex",3
2018-05-06,"FR","iPhone",32
2018-05-06,"FR","Tesla",2
2018-05-06,"FR","Rolex",2
2018-05-06,"JP","iPhone",56
2018-05-06,"JP","Tesla",1
2018-05-06,"JP","Rolex",2
2018-05-06,"MX","iPhone",71
2018-05-06,"MX","Tesla",3
2018-05-06,"MX","Rolex",0
2018-05-06,"US","iPhone",48
2018-05-06,"US","Tesla",4
2018-05-06,"US","Rolex",2
2018-05-07,"DE","iPhone",42
2018-05-07,"DE","Tesla",4
2018-05-07,"DE","Rolex",3
2018-05-07,"FR","iPhone",29
2018-05-07,"FR","Tesla",2
2018-05-07,"FR","Rolex",1
2018-05-07,"JP","iPhone",51
2018-05-07,"JP","Tesla",1
2018-05-07,"JP","Rolex",2
2018-05-07,"MX","iPhone",59
2018-05-07,"MX","Tesla",3
2018-05-07,"MX","Rolex",0
2018-05-07,"US","iPhone",43
2018-05-07,"US","Tesla",5
2018-05-07,"US","Rolex",1
2018-05-08,"DE","iPhone",43
2018-05-08,"DE","Tesla",4
2018-05-08,"DE","Rolex",3
2018-05-08,"FR","iPhone",33
2018-05-08,"FR","Tesla",2
2018-05-08,"FR","Rolex",1
2018-05-08,"JP","iPhone",50
2018-05-08,"JP","Tesla",1
2018-05-08,"JP","Rolex",3
2018-05-08,"MX","iPhone",56
2018-05-08,"MX","Tesla",3
2018-05-08,"MX","Rolex",0
2018-05-08,"US","iPhone",43
2018-05-08,"US","Tesla",5
2018-05-08,"US","Rolex",1
2018-05-09,"DE","iPhone",40
2018-05-09,"DE","Tesla",4
2018-05-09,"DE","Rolex",3
2018-05-09,"FR","iPhone",29
2018-05-09,"FR","Tesla",2
2018-05-09,"FR","Rolex",1
2018-05-09,"JP","iPhone",48
2018-05-09,"JP","Tesla",1
2018-05-09,"JP","Rolex",2
2018-05-09,"MX","iPhone",59
2018-05-09,"MX","Tesla",6
2018-05-09,"MX","Rolex",3
2018-05-09,"US","iPhone",41
2018-05-09,"US","Tesla",5
2018-05-09,"US","Rolex",1
2018-05-10,"DE","iPhone",49
2018-05-10,"DE","Tesla",4
2018-05-10,"DE","Rolex",4
2018-05-10,"FR","iPhone",35
2018-05-10,"FR","Tesla",2
2018-05-10,"FR","Rolex",2
2018-05-10,"JP","iPhone",48
2018-05-10,"JP","Tesla",1
2018-05-10,"JP","Rolex",2
2018-05-10,"MX","iPhone",67
2018-05-10,"MX","Tesla",5
2018-05-10,"MX","Rolex",0
2018-05-10,"US","iPhone",42
2018-05-10,"US","Tesla",6
2018-05-10,"US","Rolex",1
2018-05-11,"DE","iPhone",44
2018-05-11,"DE","Tesla",4
2018-05-11,"DE","Rolex",3
2018-05-11,"FR","iPhone",29
2018-05-11,"FR","Tesla",2
2018-05-11,"FR","Rolex",1
2018-05-11,"JP","iPhone",49
2018-05-11,"JP","Tesla",1
2018-05-11,"JP","Rolex",2
2018-05-11,"MX","iPhone",60
2018-05-11,"MX","Tesla",3
2018-05-11,"MX","Rolex",0
2018-05-11,"US","iPhone",42
2018-05-11,"US","Tesla",6
2018-05-11,"US","Rolex",2
2018-05-12,"DE","iPhone",42
2018-05-12,"DE","Tesla",3
2018-05-12,"DE","Rolex",3
2018-05-12,"FR","iPhone",33
2018-05-12,"FR","Tesla",2
2018-05-12,"FR","Rolex",2
2018-05-12,"JP","iPhone",54
2018-05-12,"JP","Tesla",1
2018-05-12,"JP","Rolex",2
2018-05-12,"MX","iPhone",68
2018-05-12,"MX","Tesla",4
2018-05-12,"MX","Rolex",0
2018-05-12,"US","iPhone",49
2018-05-12,"US","Tesla",6
2018-05-12,"US","Rolex",2
2018-05-13,"DE","iPhone",46
2018-05-13,"DE","Tesla",3
2018-05-13,"DE","Rolex",3
2018-05-13,"FR","iPhone",34
2018-05-13,"FR","Tesla",2
2018-05-13,"FR","Rolex",1
2018-05-13,"JP","iPhone",57
2018-05-13,"JP","Tesla",1
2018-05-13,"JP","Rolex",2
2018-05-13,"MX","iPhone",77
2018-05-13,"MX","Tesla",5
2018-05-13,"MX","Rolex",0
2018-05-13,"US","iPhone",53
2018-05-13,"US","Tesla",6
2018-05-13,"US","Rolex",2
2018-05-14,"DE","iPhone",42
2018-05-14,"DE","Tesla",4
2018-05-14,"DE","Rolex",2
2018-05-14,"FR","iPhone",29
2018-05-14,"FR","Tesla",1
2018-05-14,"FR","Rolex",1
2018-05-14,"JP","iPhone",50
2018-05-14,"JP","Tesla",1
2018-05-14,"JP","Rolex",2
2018-05-14,"MX","iPhone",70
2018-05-14,"MX","Tesla",5
2018-05-14,"MX","Rolex",3
2018-05-14,"US","iPhone",45
2018-05-14,"US","Tesla",6
2018-05-14,"US","Rolex",2
2018-05-15,"DE","iPhone",48
2018-05-15,"DE","Tesla",7
2018-05-15,"DE","Rolex",2
2018-05-15,"FR","iPhone",28
2018-05-15,"FR","Tesla",2
2018-05-15,"FR","Rolex",1
2018-05-15,"JP","iPhone",49
2018-05-15,"JP","Tesla",1
2018-05-15,"JP","Rolex",2
2018-05-15,"MX","iPhone",60
2018-05-15,"MX","Tesla",0
2018-05-15,"MX","Rolex",0
2018-05-15,"US","iPhone",43
2018-05-15,"US","Tesla",6
2018-05-15,"US","Rolex",1
2018-05-16,"DE","iPhone",46
2018-05-16,"DE","Tesla",6
2018-05-16,"DE","Rolex",3
2018-05-16,"FR","iPhone",30
2018-05-16,"FR","Tesla",2
2018-05-16,"FR","Rolex",1
2018-05-16,"JP","iPhone",50
2018-05-16,"JP","Tesla",1
2018-05-16,"JP","Rolex",2
2018-05-16,"MX","iPhone",55
2018-05-16,"MX","Tesla",5
2018-05-16,"MX","Rolex",0
2018-05-16,"US","iPhone",42
2018-05-16,"US","Tesla",5
2018-05-16,"US","Rolex",1
2018-05-17,"DE","iPhone",42
2018-05-17,"DE","Tesla",4
2018-05-17,"DE","Rolex",3
2018-05-17,"FR","iPhone",26
2018-05-17,"FR","Tesla",2
2018-05-17,"FR","Rolex",1
2018-05-17,"JP","iPhone",49
2018-05-17,"JP","Tesla",1
2018-05-17,"JP","Rolex",2
2018-05-17,"MX","iPhone",55
2018-05-17,"MX","Tesla",3
2018-05-17,"MX","Rolex",2
2018-05-17,"US","iPhone",42
2018-05-17,"US","Tesla",5
2018-05-17,"US","Rolex",1
2018-05-18,"DE","iPhone",43
2018-05-18,"DE","Tesla",4
2018-05-18,"DE","Rolex",3
2018-05-18,"FR","iPhone",27
2018-05-18,"FR","Tesla",2
2018-05-18,"FR","Rolex",1
2018-05-18,"JP","iPhone",46
2018-05-18,"JP","Tesla",1
2018-05-18,"JP","Rolex",2
2018-05-18,"MX","iPhone",52
2018-05-18,"MX","Tesla",4
2018-05-18,"MX","Rolex",0
2018-05-18,"US","iPhone",42
2018-05-18,"US","Tesla",5
2018-05-18,"US","Rolex",1
2018-05-19,"DE","iPhone",45
2018-05-19,"DE","Tesla",3
2018-05-19,"DE","Rolex",3
2018-05-19,"FR","iPhone",30
2018-05-19,"FR","Tesla",2
2018-05-19,"FR","Rolex",2
2018-05-19,"JP","iPhone",55
2018-05-19,"JP","Tesla",1
2018-05-19,"JP","Rolex",2
2018-05-19,"MX","iPhone",59
2018-05-19,"MX","Tesla",4
2018-05-19,"MX","Rolex",3
2018-05-19,"US","iPhone",47
2018-05-19,"US","Tesla",5
2018-05-19,"US","Rolex",2
2018-05-20,"DE","iPhone",47
2018-05-20,"DE","Tesla",4
2018-05-20,"DE","Rolex",4
2018-05-20,"FR","iPhone",33
2018-05-20,"FR","Tesla",2
2018-05-20,"FR","Rolex",2
2018-05-20,"JP","iPhone",56
2018-05-20,"JP","Tesla",1
2018-05-20,"JP","Rolex",2
2018-05-20,"MX","iPhone",72
2018-05-20,"MX","Tesla",5
2018-05-20,"MX","Rolex",0
2018-05-20,"US","iPhone",48
2018-05-20,"US","Tesla",6
2018-05-20,"US","Rolex",2
2018-05-21,"DE","iPhone",46
2018-05-21,"DE","Tesla",4
2018-05-21,"DE","Rolex",4
2018-05-21,"FR","iPhone",35
2018-05-21,"FR","Tesla",2
2018-05-21,"FR","Rolex",1
2018-05-21,"JP","iPhone",49
2018-05-21,"JP","Tesla",1
2018-05-21,"JP","Rolex",2
2018-05-21,"MX","iPhone",57
2018-05-21,"MX","Tesla",4
2018-05-21,"MX","Rolex",0
2018-05-21,"US","iPhone",45
2018-05-21,"US","Tesla",6
2018-05-21,"US","Rolex",1
2018-05-22,"DE","iPhone",42
2018-05-22,"DE","Tesla",5
2018-05-22,"DE","Rolex",3
2018-05-22,"FR","iPhone",30
2018-05-22,"FR","Tesla",2
2018-05-22,"FR","Rolex",1
2018-05-22,"JP","iPhone",44
2018-05-22,"JP","Tesla",1
2018-05-22,"JP","Rolex",2
2018-05-22,"MX","iPhone",54
2018-05-22,"MX","Tesla",4
2018-05-22,"MX","Rolex",3
2018-05-22,"US","iPhone",43
2018-05-22,"US","Tesla",6
2018-05-22,"US","Rolex",1
2018-05-23,"DE","iPhone",43
2018-05-23,"DE","Tesla",4
2018-05-23,"DE","Rolex",3
2018-05-23,"FR","iPhone",28
2018-05-23,"FR","Tesla",2
2018-05-23,"FR","Rolex",1
2018-05-23,"JP","iPhone",48
2018-05-23,"JP","Tesla",1
2018-05-23,"JP","Rolex",2
2018-05-23,"MX","iPhone",57
2018-05-23,"MX","Tesla",3
2018-05-23,"MX","Rolex",3
2018-05-23,"US","iPhone",43
2018-05-23,"US","Tesla",5
2018-05-23,"US","Rolex",1
2018-05-24,"DE","iPhone",41
2018-05-24,"DE","Tesla",4
2018-05-24,"DE","Rolex",3
2018-05-24,"FR","iPhone",27
2018-05-24,"FR","Tesla",2
2018-05-24,"FR","Rolex",1
2018-05-24,"JP","iPhone",51
2018-05-24,"JP","Tesla",1
2018-05-24,"JP","Rolex",2
2018-05-24,"MX","iPhone",54
2018-05-24,"MX","Tesla",4
2018-05-24,"MX","Rolex",0
2018-05-24,"US","iPhone",43
2018-05-24,"US","Tesla",5
2018-05-24,"US","Rolex",2
2018-05-25,"DE","iPhone",42
2018-05-25,"DE","Tesla",4
2018-05-25,"DE","Rolex",3
2018-05-25,"FR","iPhone",29
2018-05-25,"FR","Tesla",2
2018-05-25,"FR","Rolex",1
2018-05-25,"JP","iPhone",48
2018-05-25,"JP","Tesla",1
2018-05-25,"JP","Rolex",2
2018-05-25,"MX","iPhone",57
2018-05-25,"MX","Tesla",3
2018-05-25,"MX","Rolex",0
2018-05-25,"US","iPhone",46
2018-05-25,"US","Tesla",5
2018-05-25,"US","Rolex",2
2018-05-26,"DE","iPhone",43
2018-05-26,"DE","Tesla",3
2018-05-26,"DE","Rolex",3
2018-05-26,"FR","iPhone",33
2018-05-26,"FR","Tesla",2
2018-05-26,"FR","Rolex",2
2018-05-26,"JP","iPhone",55
2018-05-26,"JP","Tesla",1
2018-05-26,"JP","Rolex",2
2018-05-26,"MX","iPhone",57
2018-05-26,"MX","Tesla",4
2018-05-26,"MX","Rolex",0
2018-05-26,"US","iPhone",50
2018-05-26,"US","Tesla",5
2018-05-26,"US","Rolex",2
2018-05-27,"DE","iPhone",46
2018-05-27,"DE","Tesla",3
2018-05-27,"DE","Rolex",4
2018-05-27,"FR","iPhone",34
2018-05-27,"FR","Tesla",2
2018-05-27,"FR","Rolex",2
2018-05-27,"JP","iPhone",58
2018-05-27,"JP","Tesla",1
2018-05-27,"JP","Rolex",2
2018-05-27,"MX","iPhone",66
2018-05-27,"MX","Tesla",0
2018-05-27,"MX","Rolex",0
2018-05-27,"US","iPhone",51
2018-05-27,"US","Tesla",5
2018-05-27,"US","Rolex",2
2018-05-28,"DE","iPhone",39
2018-05-28,"DE","Tesla",3
2018-05-28,"DE","Rolex",3
2018-05-28,"FR","iPhone",30
2018-05-28,"FR","Tesla",1
2018-05-28,"FR","Rolex",1
2018-05-28,"JP","iPhone",48
2018-05-28,"JP","Tesla",1
2018-05-28,"JP","Rolex",2
2018-05-28,"MX","iPhone",62
2018-05-28,"MX","Tesla",4
2018-05-28,"MX","Rolex",2
2018-05-28,"US","iPhone",49
2018-05-28,"US","Tesla",5
2018-05-28,"US","Rolex",2
2018-05-29,"DE","iPhone",40
2018-05-29,"DE","Tesla",4
2018-05-29,"DE","Rolex",3
2018-05-29,"FR","iPhone",29
2018-05-29,"FR","Tesla",1
2018-05-29,"FR","Rolex",1
2018-05-29,"JP","iPhone",48
2018-05-29,"JP","Tesla",1
2018-05-29,"JP","Rolex",2
2018-05-29,"MX","iPhone",56
2018-05-29,"MX","Tesla",5
2018-05-29,"MX","Rolex",0
2018-05-29,"US","iPhone",44
2018-05-29,"US","Tesla",4
2018-05-29,"US","Rolex",1
2018-05-30,"DE","iPhone",41
2018-05-30,"DE","Tesla",4
2018-05-30,"DE","Rolex",3
2018-05-30,"FR","iPhone",29
2018-05-30,"FR","Tesla",2
2018-05-30,"FR","Rolex",1
2018-05-30,"JP","iPhone",49
2018-05-30,"JP","Tesla",1
2018-05-30,"JP","Rolex",2
2018-05-30,"MX","iPhone",59
2018-05-30,"MX","Tesla",3
2018-05-30,"MX","Rolex",2
2018-05-30,"US","iPhone",44
2018-05-30,"US","Tesla",5
2018-05-30,"US","Rolex",1
2018-05-31,"DE","iPhone",44
2018-05-31,"DE","Tesla",4
2018-05-31,"DE","Rolex",3
2018-05-31,"FR","iPhone",28
2018-05-31,"FR","Tesla",2
2018-05-31,"FR","Rolex",1
2018-05-31,"JP","iPhone",49
2018-05-31,"JP","Tesla",1
2018-05-31,"JP","Rolex",2
2018-05-31,"MX","iPhone",52
2018-05-31,"MX","Tesla",4
2018-05-31,"MX","Rolex",0
2018-05-31,"US","iPhone",46
2018-05-31,"US","Tesla",5
2018-05-31,"US","Rolex",1
2018-06-01,"DE","iPhone",44
2018-06-01,"DE","Tesla",4
2018-06-01,"DE","Rolex",3
2018-06-01,"FR","iPhone",30
2018-06-01,"FR","Tesla",2
2018-06-01,"FR","Rolex",1
2018-06-01,"JP","iPhone",47
2018-06-01,"JP","Tesla",1
2018-06-01,"JP","Rolex",2
2018-06-01,"MX","iPhone",60
2018-06-01,"MX","Tesla",5
2018-06-01,"MX","Rolex",0
2018-06-01,"US","iPhone",44
2018-06-01,"US","Tesla",4
2018-06-01,"US","Rolex",2
2018-06-02,"DE","iPhone",48
2018-06-02,"DE","Tesla",3
2018-06-02,"DE","Rolex",3
2018-06-02,"FR","iPhone",38
2018-06-02,"FR","Tesla",2
2018-06-02,"FR","Rolex",2
2018-06-02,"JP","iPhone",55
2018-06-02,"JP","Tesla",1
2018-06-02,"JP","Rolex",2
2018-06-02,"MX","iPhone",68
2018-06-02,"MX","Tesla",5
2018-06-02,"MX","Rolex",0
2018-06-02,"US","iPhone",51
2018-06-02,"US","Tesla",5
2018-06-02,"US","Rolex",2
2018-06-03,"DE","iPhone",45
2018-06-03,"DE","Tesla",3
2018-06-03,"DE","Rolex",3
2018-06-03,"FR","iPhone",37
2018-06-03,"FR","Tesla",1
2018-06-03,"FR","Rolex",2
2018-06-03,"JP","iPhone",56
2018-06-03,"JP","Tesla",1
2018-06-03,"JP","Rolex",2
2018-06-03,"MX","iPhone",69
2018-06-03,"MX","Tesla",4
2018-06-03,"MX","Rolex",0
2018-06-03,"US","iPhone",51
2018-06-03,"US","Tesla",4
2018-06-03,"US","Rolex",2
2018-06-04,"DE","iPhone",46
2018-06-04,"DE","Tesla",3
2018-06-04,"DE","Rolex",2
2018-06-04,"FR","iPhone",33
2018-06-04,"FR","Tesla",1
2018-06-04,"FR","Rolex",1
2018-06-04,"JP","iPhone",51
2018-06-04,"JP","Tesla",1
2018-06-04,"JP","Rolex",2
2018-06-04,"MX","iPhone",62
2018-06-04,"MX","Tesla",3
2018-06-04,"MX","Rolex",0
2018-06-04,"US","iPhone",46
2018-06-04,"US","Tesla",4
2018-06-04,"US","Rolex",1
2018-06-05,"DE","iPhone",43
2018-06-05,"DE","Tesla",4
2018-06-05,"DE","Rolex",3
2018-06-05,"FR","iPhone",30
2018-06-05,"FR","Tesla",1
2018-06-05,"FR","Rolex",1
2018-06-05,"JP","iPhone",50
2018-06-05,"JP","Tesla",1
2018-06-05,"JP","Rolex",2
2018-06-05,"MX","iPhone",60
2018-06-05,"MX","Tesla",5
2018-06-05,"MX","Rolex",0
2018-06-05,"US","iPhone",47
2018-06-05,"US","Tesla",5
2018-06-05,"US","Rolex",1
2018-06-06,"DE","iPhone",44
2018-06-06,"DE","Tesla",5
2018-06-06,"DE","Rolex",2
2018-06-06,"FR","iPhone",33
2018-06-06,"FR","Tesla",2
2018-06-06,"FR","Rolex",1
2018-06-06,"JP","iPhone",48
2018-06-06,"JP","Tesla",1
2018-06-06,"JP","Rolex",2
2018-06-06,"MX","iPhone",55
2018-06-06,"MX","Tesla",4
2018-06-06,"MX","Rolex",0
2018-06-06,"US","iPhone",45
2018-06-06,"US","Tesla",6
2018-06-06,"US","Rolex",1
2018-06-07,"DE","iPhone",42
2018-06-07,"DE","Tesla",5
2018-06-07,"DE","Rolex",3
2018-06-07,"FR","iPhone",31
2018-06-07,"FR","Tesla",2
2018-06-07,"FR","Rolex",1
2018-06-07,"JP","iPhone",46
2018-06-07,"JP","Tesla",1
2018-06-07,"JP","Rolex",2
2018-06-07,"MX","iPhone",55
2018-06-07,"MX","Tesla",4
2018-06-07,"MX","Rolex",2
2018-06-07,"US","iPhone",46
2018-06-07,"US","Tesla",5
2018-06-07,"US","Rolex",1
2018-06-08,"DE","iPhone",41
2018-06-08,"DE","Tesla",4
2018-06-08,"DE","Rolex",3
2018-06-08,"FR","iPhone",31
2018-06-08,"FR","Tesla",2
2018-06-08,"FR","Rolex",1
2018-06-08,"JP","iPhone",45
2018-06-08,"JP","Tesla",1
2018-06-08,"JP","Rolex",2
2018-06-08,"MX","iPhone",52
2018-06-08,"MX","Tesla",0
2018-06-08,"MX","Rolex",0
2018-06-08,"US","iPhone",48
2018-06-08,"US","Tesla",5
2018-06-08,"US","Rolex",1
2018-06-09,"DE","iPhone",45
2018-06-09,"DE","Tesla",4
2018-06-09,"DE","Rolex",3
2018-06-09,"FR","iPhone",36
2018-06-09,"FR","Tesla",2
2018-06-09,"FR","Rolex",2
2018-06-09,"JP","iPhone",50
2018-06-09,"JP","Tesla",1
2018-06-09,"JP","Rolex",2
2018-06-09,"MX","iPhone",62
2018-06-09,"MX","Tesla",3
2018-06-09,"MX","Rolex",0
2018-06-09,"US","iPhone",51
2018-06-09,"US","Tesla",4
2018-06-09,"US","Rolex",2
2018-06-10,"DE","iPhone",49
2018-06-10,"DE","Tesla",3
2018-06-10,"DE","Rolex",4
2018-06-10,"FR","iPhone",37
2018-06-10,"FR","Tesla",2
2018-06-10,"FR","Rolex",2
2018-06-10,"JP","iPhone",54
2018-06-10,"JP","Tesla",1
2018-06-10,"JP","Rolex",2
2018-06-10,"MX","iPhone",66
2018-06-10,"MX","Tesla",4
2018-06-10,"MX","Rolex",0
2018-06-10,"US","iPhone",52
2018-06-10,"US","Tesla",5
2018-06-10,"US","Rolex",2
2018-06-11,"DE","iPhone",45
2018-06-11,"DE","Tesla",3
2018-06-11,"DE","Rolex",3
2018-06-11,"FR","iPhone",33
2018-06-11,"FR","Tesla",1
2018-06-11,"FR","Rolex",1
2018-06-11,"JP","iPhone",48
2018-06-11,"JP","Tesla",1
2018-06-11,"JP","Rolex",2
2018-06-11,"MX","iPhone",59
2018-06-11,"MX","Tesla",3
2018-06-11,"MX","Rolex",0
2018-06-11,"US","iPhone",46
2018-06-11,"US","Tesla",5
2018-06-11,"US","Rolex",1
2018-06-12,"DE","iPhone",41
2018-06-12,"DE","Tesla",5
2018-06-12,"DE","Rolex",3
2018-06-12,"FR","iPhone",31
2018-06-12,"FR","Tesla",2
2018-06-12,"FR","Rolex",1
2018-06-12,"JP","iPhone",47
2018-06-12,"JP","Tesla",1
2018-06-12,"JP","Rolex",3
2018-06-12,"MX","iPhone",58
2018-06-12,"MX","Tesla",4
2018-06-12,"MX","Rolex",0
2018-06-12,"US","iPhone",46
2018-06-12,"US","Tesla",6
2018-06-12,"US","Rolex",1
2018-06-13,"DE","iPhone",45
2018-06-13,"DE","Tesla",6
2018-06-13,"DE","Rolex",3
2018-06-13,"FR","iPhone",31
2018-06-13,"FR","Tesla",2
2018-06-13,"FR","Rolex",1
2018-06-13,"JP","iPhone",46
2018-06-13,"JP","Tesla",1
2018-06-13,"JP","Rolex",2
2018-06-13,"MX","iPhone",51
2018-06-13,"MX","Tesla",3
2018-06-13,"MX","Rolex",0
2018-06-13,"US","iPhone",48
2018-06-13,"US","Tesla",6
2018-06-13,"US","Rolex",2
2018-06-14,"DE","iPhone",44
2018-06-14,"DE","Tesla",4
2018-06-14,"DE","Rolex",3
2018-06-14,"FR","iPhone",29
2018-06-14,"FR","Tesla",2
2018-06-14,"FR","Rolex",1
2018-06-14,"JP","iPhone",45
2018-06-14,"JP","Tesla",1
2018-06-14,"JP","Rolex",2
2018-06-14,"MX","iPhone",53
2018-06-14,"MX","Tesla",3
2018-06-14,"MX","Rolex",0
2018-06-14,"US","iPhone",48
2018-06-14,"US","Tesla",5
2018-06-14,"US","Rolex",2
